insert into ADM_TipoUnidadAcademica(TipoUnidadAcademica,nombre,descripcion)values(1,'FACULTAD','FACULTAD');
insert into ADM_TipoUnidadAcademica(TipoUnidadAcademica,nombre,descripcion)values(2,'ESCUELA','ESCUELA');
insert into ADM_TipoUnidadAcademica(TipoUnidadAcademica,nombre,descripcion)values(3,'INSTITUTO','INSTITUTO');
 

insert into ADM_Departamento(Departamento,nombre)values(1,'Guatemala');
insert into ADM_Departamento(Departamento,nombre)values(2,'AltaVerapaz');
insert into ADM_Departamento(Departamento,nombre)values(3,'BajaVerapaz');
insert into ADM_Departamento(Departamento,nombre)values(4,'Chiquimula');
insert into ADM_Departamento(Departamento,nombre)values(5,'ElProgreso');
insert into ADM_Departamento(Departamento,nombre)values(6,'Izabal');
insert into ADM_Departamento(Departamento,nombre)values(7,'Zacapa');
insert into ADM_Departamento(Departamento,nombre)values(8,'Jutiapa');
insert into ADM_Departamento(Departamento,nombre)values(9,'Jalapa');
insert into ADM_Departamento(Departamento,nombre)values(10,'SantaRosa');
insert into ADM_Departamento(Departamento,nombre)values(11,'Chimaltenango');
insert into ADM_Departamento(Departamento,nombre)values(12,'Sacatepéquez');
insert into ADM_Departamento(Departamento,nombre)values(13,'Escuintla');
insert into ADM_Departamento(Departamento,nombre)values(14,'Quetzaltenango');
insert into ADM_Departamento(Departamento,nombre)values(15,'Retalhuleu');
insert into ADM_Departamento(Departamento,nombre)values(16,'SanMarcos');
insert into ADM_Departamento(Departamento,nombre)values(17,'Suchitepéquez');
insert into ADM_Departamento(Departamento,nombre)values(18,'Sololá');
insert into ADM_Departamento(Departamento,nombre)values(19,'Totonicapán');
insert into ADM_Departamento(Departamento,nombre)values(20,'Huehuetenango');
insert into ADM_Departamento(Departamento,nombre)values(21,'Quiché');
insert into ADM_Departamento(Departamento,nombre)values(22,'Petén');

Insert into ADM_Municipio(Municipio,Nombre,Departamento)values(1,'Amatitlán',1);
Insert into ADM_Municipio(Municipio,Nombre,Departamento)values(2,'Guatemala',1);
Insert into ADM_Municipio(Municipio,Nombre,Departamento)values(3,'SanJoséPinula',1);
Insert into ADM_Municipio(Municipio,Nombre,Departamento)values(4,'SanPedroSacatepéquez',1);
Insert into ADM_Municipio(Municipio,Nombre,Departamento)values(5,'VillaNueva',1);
Insert into ADM_Municipio(Municipio,Nombre,Departamento)values(6,'Chinautla',1);
Insert into ADM_Municipio(Municipio,Nombre,Departamento)values(7,'Mixco',1);
Insert into ADM_Municipio(Municipio,Nombre,Departamento)values(8,'SanJuanSacatepéquez',1);
Insert into ADM_Municipio(Municipio,Nombre,Departamento)values(9,'SanRaymundo',1);
Insert into ADM_Municipio(Municipio,Nombre,Departamento)values(10,'Chuarrancho',1);
Insert into ADM_Municipio(Municipio,Nombre,Departamento)values(11,'Palencia',1);
Insert into ADM_Municipio(Municipio,Nombre,Departamento)values(12,'SanMiguelPetapa',1);
Insert into ADM_Municipio(Municipio,Nombre,Departamento)values(13,'SantaCatarinaPinula',1);
Insert into ADM_Municipio(Municipio,Nombre,Departamento)values(14,'Fraijanes',1);
Insert into ADM_Municipio(Municipio,Nombre,Departamento)values(15,'SanJosédelGolfo',1);
Insert into ADM_Municipio(Municipio,Nombre,Departamento)values(16,'SanPedroAyampuc',1);
Insert into ADM_Municipio(Municipio,Nombre,Departamento)values(17,'VillaCanales',1);
Insert into ADM_Municipio(Municipio,Nombre,Departamento)values(18,'Chahal',2);
Insert into ADM_Municipio(Municipio,Nombre,Departamento)values(19,'Lanquín',2);
Insert into ADM_Municipio(Municipio,Nombre,Departamento)values(20,'SanJuanChamelco',2);
Insert into ADM_Municipio(Municipio,Nombre,Departamento)values(21,'SantaMaríaCahabón',2);
Insert into ADM_Municipio(Municipio,Nombre,Departamento)values(22,'Tucurú',2);
Insert into ADM_Municipio(Municipio,Nombre,Departamento)values(23,'Chisec',2);
Insert into ADM_Municipio(Municipio,Nombre,Departamento)values(24,'Panzós',2);
Insert into ADM_Municipio(Municipio,Nombre,Departamento)values(25,'SanPedroCarchá',2);
Insert into ADM_Municipio(Municipio,Nombre,Departamento)values(26,'Senahú',2);
Insert into ADM_Municipio(Municipio,Nombre,Departamento)values(27,'Cobán',2);
Insert into ADM_Municipio(Municipio,Nombre,Departamento)values(28,'Raxruhá',2);
Insert into ADM_Municipio(Municipio,Nombre,Departamento)values(29,'SantaCatalinaLaTinta',2);
Insert into ADM_Municipio(Municipio,Nombre,Departamento)values(30,'Tactic',2);
Insert into ADM_Municipio(Municipio,Nombre,Departamento)values(31,'FrayBartolomédelasCasas',2);
Insert into ADM_Municipio(Municipio,Nombre,Departamento)values(32,'SanCristóbalVerapaz',2);
Insert into ADM_Municipio(Municipio,Nombre,Departamento)values(33,'SantaCruzVerapaz',2);
Insert into ADM_Municipio(Municipio,Nombre,Departamento)values(34,'Tamahú',2);
Insert into ADM_Municipio(Municipio,Nombre,Departamento)values(35,'Cubulco',3);
Insert into ADM_Municipio(Municipio,Nombre,Departamento)values(36,'Salamá',3);
Insert into ADM_Municipio(Municipio,Nombre,Departamento)values(37,'Granados',3);
Insert into ADM_Municipio(Municipio,Nombre,Departamento)values(38,'SanJerónimo',3);
Insert into ADM_Municipio(Municipio,Nombre,Departamento)values(39,'Purulhá',3);
Insert into ADM_Municipio(Municipio,Nombre,Departamento)values(40,'SanMiguelChicaj',3);
Insert into ADM_Municipio(Municipio,Nombre,Departamento)values(41,'Rabinal',3);
Insert into ADM_Municipio(Municipio,Nombre,Departamento)values(42,'SantaCruzelChol',3);
Insert into ADM_Municipio(Municipio,Nombre,Departamento)values(43,'Camotán',4);
Insert into ADM_Municipio(Municipio,Nombre,Departamento)values(44,'Ipala',4);
Insert into ADM_Municipio(Municipio,Nombre,Departamento)values(45,'SanJacinto',4);
Insert into ADM_Municipio(Municipio,Nombre,Departamento)values(46,'Chiquimula',4);
Insert into ADM_Municipio(Municipio,Nombre,Departamento)values(47,'Jocotán',4);
Insert into ADM_Municipio(Municipio,Nombre,Departamento)values(48,'SanJoséLaArada',4);
Insert into ADM_Municipio(Municipio,Nombre,Departamento)values(49,'ConcepciónLasMinas',4);
Insert into ADM_Municipio(Municipio,Nombre,Departamento)values(50,'Olopa',4);
Insert into ADM_Municipio(Municipio,Nombre,Departamento)values(51,'SanJuanErmita',4);
Insert into ADM_Municipio(Municipio,Nombre,Departamento)values(52,'Esquipulas',4);
Insert into ADM_Municipio(Municipio,Nombre,Departamento)values(53,'Quezaltepeque',4);
Insert into ADM_Municipio(Municipio,Nombre,Departamento)values(54,'ElJícaro',5);
Insert into ADM_Municipio(Municipio,Nombre,Departamento)values(55,'SanAntonioLaPaz',5);
Insert into ADM_Municipio(Municipio,Nombre,Departamento)values(56,'Guastatoya',5);
Insert into ADM_Municipio(Municipio,Nombre,Departamento)values(57,'SanCristóbalAcasaguastlán',5);
Insert into ADM_Municipio(Municipio,Nombre,Departamento)values(58,'Morazán',5);
Insert into ADM_Municipio(Municipio,Nombre,Departamento)values(59,'Sanarate',5);
Insert into ADM_Municipio(Municipio,Nombre,Departamento)values(60,'SanAgustínAcasaguastlán',5);
Insert into ADM_Municipio(Municipio,Nombre,Departamento)values(61,'Sansare',5);
Insert into ADM_Municipio(Municipio,Nombre,Departamento)values(62,'ElEstor',6);
Insert into ADM_Municipio(Municipio,Nombre,Departamento)values(63,'PuertoBarrios',6);
Insert into ADM_Municipio(Municipio,Nombre,Departamento)values(64,'Livingston',6);
Insert into ADM_Municipio(Municipio,Nombre,Departamento)values(65,'LosAmates',6);
Insert into ADM_Municipio(Municipio,Nombre,Departamento)values(66,'Morales',6);
Insert into ADM_Municipio(Municipio,Nombre,Departamento)values(67,'Cabañas',7);
Insert into ADM_Municipio(Municipio,Nombre,Departamento)values(68,'LaUnión',7);
Insert into ADM_Municipio(Municipio,Nombre,Departamento)values(69,'Usumatlán',7);
Insert into ADM_Municipio(Municipio,Nombre,Departamento)values(70,'Estanzuela',7);
Insert into ADM_Municipio(Municipio,Nombre,Departamento)values(71,'RíoHondo',7);
Insert into ADM_Municipio(Municipio,Nombre,Departamento)values(72,'Zacapa',7);
Insert into ADM_Municipio(Municipio,Nombre,Departamento)values(73,'Gualán',7);
Insert into ADM_Municipio(Municipio,Nombre,Departamento)values(74,'SanDiego',7);
Insert into ADM_Municipio(Municipio,Nombre,Departamento)values(75,'Huité',7);
Insert into ADM_Municipio(Municipio,Nombre,Departamento)values(76,'Teculután',7);
Insert into ADM_Municipio(Municipio,Nombre,Departamento)values(77,'AguaBlanca',8);
Insert into ADM_Municipio(Municipio,Nombre,Departamento)values(78,'Conguaco',8);
Insert into ADM_Municipio(Municipio,Nombre,Departamento)values(79,'Jerez',8);
Insert into ADM_Municipio(Municipio,Nombre,Departamento)values(80,'Quesada',8);
Insert into ADM_Municipio(Municipio,Nombre,Departamento)values(81,'Zapotitlán',8);
Insert into ADM_Municipio(Municipio,Nombre,Departamento)values(82,'AsunciónMita',8);
Insert into ADM_Municipio(Municipio,Nombre,Departamento)values(83,'ElAdelanto',8);
Insert into ADM_Municipio(Municipio,Nombre,Departamento)values(84,'Jutiapa',8);
Insert into ADM_Municipio(Municipio,Nombre,Departamento)values(85,'SanJoséAcatempa',8);
Insert into ADM_Municipio(Municipio,Nombre,Departamento)values(86,'Atescatempa',8);
Insert into ADM_Municipio(Municipio,Nombre,Departamento)values(87,'ElProgreso',8);
Insert into ADM_Municipio(Municipio,Nombre,Departamento)values(88,'Moyuta',8);
Insert into ADM_Municipio(Municipio,Nombre,Departamento)values(89,'SantaCatarinaMita',8);
Insert into ADM_Municipio(Municipio,Nombre,Departamento)values(90,'Comapa',8);
Insert into ADM_Municipio(Municipio,Nombre,Departamento)values(91,'Jalpatagua',8);
Insert into ADM_Municipio(Municipio,Nombre,Departamento)values(92,'Pasaco',8);
Insert into ADM_Municipio(Municipio,Nombre,Departamento)values(93,'Yupiltepeque',8);
Insert into ADM_Municipio(Municipio,Nombre,Departamento)values(94,'Jalapa',9);
Insert into ADM_Municipio(Municipio,Nombre,Departamento)values(95,'SanLuisJilotepeque',9);
Insert into ADM_Municipio(Municipio,Nombre,Departamento)values(96,'Mataquescuintla',9);
Insert into ADM_Municipio(Municipio,Nombre,Departamento)values(97,'SanManuelChaparrón',9);
Insert into ADM_Municipio(Municipio,Nombre,Departamento)values(98,'Monjas',9);
Insert into ADM_Municipio(Municipio,Nombre,Departamento)values(99,'SanPedroPinula',9);
Insert into ADM_Municipio(Municipio,Nombre,Departamento)values(100,'SanCarlosAlzatate',9);
Insert into ADM_Municipio(Municipio,Nombre,Departamento)values(101,'Barberena',10);
Insert into ADM_Municipio(Municipio,Nombre,Departamento)values(102,'Guazacapán',10);
Insert into ADM_Municipio(Municipio,Nombre,Departamento)values(103,'SanJuanTecuaco',10);
Insert into ADM_Municipio(Municipio,Nombre,Departamento)values(104,'SantaRosadeLima',10);
Insert into ADM_Municipio(Municipio,Nombre,Departamento)values(105,'Casillas',10);
Insert into ADM_Municipio(Municipio,Nombre,Departamento)values(106,'NuevaSantaRosa',10);
Insert into ADM_Municipio(Municipio,Nombre,Departamento)values(107,'SanRafaélLasFlores',10);
Insert into ADM_Municipio(Municipio,Nombre,Departamento)values(108,'Taxisco',10);
Insert into ADM_Municipio(Municipio,Nombre,Departamento)values(109,'Chiquimulilla',10);
Insert into ADM_Municipio(Municipio,Nombre,Departamento)values(110,'Oratorio',10);
Insert into ADM_Municipio(Municipio,Nombre,Departamento)values(111,'SantaCruzNaranjo',10);
Insert into ADM_Municipio(Municipio,Nombre,Departamento)values(112,'Cuilapa',10);
Insert into ADM_Municipio(Municipio,Nombre,Departamento)values(113,'PuebloNuevoViñas',10);
Insert into ADM_Municipio(Municipio,Nombre,Departamento)values(114,'SantaMaríaIxhuatán',10);
Insert into ADM_Municipio(Municipio,Nombre,Departamento)values(115,'Acatenango',11);
Insert into ADM_Municipio(Municipio,Nombre,Departamento)values(116,'Patzicía',11);
Insert into ADM_Municipio(Municipio,Nombre,Departamento)values(117,'SanJoséPoaquil',11);
Insert into ADM_Municipio(Municipio,Nombre,Departamento)values(118,'SantaCruzBalanyá',11);
Insert into ADM_Municipio(Municipio,Nombre,Departamento)values(119,'Chimaltenango',11);
Insert into ADM_Municipio(Municipio,Nombre,Departamento)values(120,'Patzún',11);
Insert into ADM_Municipio(Municipio,Nombre,Departamento)values(121,'SanJuanComalapa',11);
Insert into ADM_Municipio(Municipio,Nombre,Departamento)values(122,'Tecpán',11);
Insert into ADM_Municipio(Municipio,Nombre,Departamento)values(123,'ElTejar',11);
Insert into ADM_Municipio(Municipio,Nombre,Departamento)values(124,'Pochuta',11);
Insert into ADM_Municipio(Municipio,Nombre,Departamento)values(125,'SanMartínJilotepeque',11);
Insert into ADM_Municipio(Municipio,Nombre,Departamento)values(126,'Yepocapa',11);
Insert into ADM_Municipio(Municipio,Nombre,Departamento)values(127,'Parramos',11);
Insert into ADM_Municipio(Municipio,Nombre,Departamento)values(128,'SanAndrésItzapa',11);
Insert into ADM_Municipio(Municipio,Nombre,Departamento)values(129,'SantaApolonia',11);
Insert into ADM_Municipio(Municipio,Nombre,Departamento)values(130,'Zaragoza',11);
Insert into ADM_Municipio(Municipio,Nombre,Departamento)values(131,'Alotenango',12);
Insert into ADM_Municipio(Municipio,Nombre,Departamento)values(132,'MagdalenaMilpasAltas',12);
Insert into ADM_Municipio(Municipio,Nombre,Departamento)values(133,'SanLucasSacatepéquez',12);
Insert into ADM_Municipio(Municipio,Nombre,Departamento)values(134,'SantaMaríadeJesús',12);
Insert into ADM_Municipio(Municipio,Nombre,Departamento)values(135,'LaAntiguaGuatemala',12);
Insert into ADM_Municipio(Municipio,Nombre,Departamento)values(136,'Pastores',12);
Insert into ADM_Municipio(Municipio,Nombre,Departamento)values(137,'SanMiguelDueñas',12);
Insert into ADM_Municipio(Municipio,Nombre,Departamento)values(138,'SantiagoSacatepéquez',12);
Insert into ADM_Municipio(Municipio,Nombre,Departamento)values(139,'CiudadVieja',12);
Insert into ADM_Municipio(Municipio,Nombre,Departamento)values(140,'SanAntonioAguasCalientes',12);
Insert into ADM_Municipio(Municipio,Nombre,Departamento)values(141,'SantaCatarinaBarahona',12);
Insert into ADM_Municipio(Municipio,Nombre,Departamento)values(142,'SantoDomingoXenacoj',12);
Insert into ADM_Municipio(Municipio,Nombre,Departamento)values(143,'Jocotenango',12);
Insert into ADM_Municipio(Municipio,Nombre,Departamento)values(144,'SanBartoloméMilpasAltas',12);
Insert into ADM_Municipio(Municipio,Nombre,Departamento)values(145,'SantaLucíaMilpasAltas',12);
Insert into ADM_Municipio(Municipio,Nombre,Departamento)values(146,'Sumpango',12);
Insert into ADM_Municipio(Municipio,Nombre,Departamento)values(147,'Escuintla',13);
Insert into ADM_Municipio(Municipio,Nombre,Departamento)values(148,'LaGomera',13);
Insert into ADM_Municipio(Municipio,Nombre,Departamento)values(149,'SanJosé',13);
Insert into ADM_Municipio(Municipio,Nombre,Departamento)values(150,'Tiquisate',13);
Insert into ADM_Municipio(Municipio,Nombre,Departamento)values(151,'Guanagazapa',13);
Insert into ADM_Municipio(Municipio,Nombre,Departamento)values(152,'Masagua',13);
Insert into ADM_Municipio(Municipio,Nombre,Departamento)values(153,'SanVicentePacaya',13);
Insert into ADM_Municipio(Municipio,Nombre,Departamento)values(154,'Iztapa',13);
Insert into ADM_Municipio(Municipio,Nombre,Departamento)values(155,'NuevaConcepción',13);
Insert into ADM_Municipio(Municipio,Nombre,Departamento)values(156,'SantaLucíaCotzumalguapa',13);
Insert into ADM_Municipio(Municipio,Nombre,Departamento)values(157,'LaDemocracia',13);
Insert into ADM_Municipio(Municipio,Nombre,Departamento)values(158,'Palín',13);
Insert into ADM_Municipio(Municipio,Nombre,Departamento)values(159,'Siquinalá',13);
Insert into ADM_Municipio(Municipio,Nombre,Departamento)values(160,'Almolonga',14);
Insert into ADM_Municipio(Municipio,Nombre,Departamento)values(161,'Coatepeque',14);
Insert into ADM_Municipio(Municipio,Nombre,Departamento)values(162,'FloresCostaCuca',14);
Insert into ADM_Municipio(Municipio,Nombre,Departamento)values(163,'Olintepeque',14);
Insert into ADM_Municipio(Municipio,Nombre,Departamento)values(164,'SanCarlosSija',14);
Insert into ADM_Municipio(Municipio,Nombre,Departamento)values(165,'SanMateo',14);
Insert into ADM_Municipio(Municipio,Nombre,Departamento)values(166,'Cabricán',14);
Insert into ADM_Municipio(Municipio,Nombre,Departamento)values(167,'Colomba',14);
Insert into ADM_Municipio(Municipio,Nombre,Departamento)values(168,'Génova',14);
Insert into ADM_Municipio(Municipio,Nombre,Departamento)values(169,'PalestinadeLosAltos',14);
Insert into ADM_Municipio(Municipio,Nombre,Departamento)values(170,'SanFranciscoLaUnión',14);
Insert into ADM_Municipio(Municipio,Nombre,Departamento)values(171,'SanMiguelSigüilá',14);
Insert into ADM_Municipio(Municipio,Nombre,Departamento)values(172,'Cajolá',14);
Insert into ADM_Municipio(Municipio,Nombre,Departamento)values(173,'ConcepciónChiquirichapa',14);
Insert into ADM_Municipio(Municipio,Nombre,Departamento)values(174,'Huitán',14);
Insert into ADM_Municipio(Municipio,Nombre,Departamento)values(175,'Quetzaltenango',14);
Insert into ADM_Municipio(Municipio,Nombre,Departamento)values(176,'SanJuanOstuncalco',14);
Insert into ADM_Municipio(Municipio,Nombre,Departamento)values(177,'Sibilia',14);
Insert into ADM_Municipio(Municipio,Nombre,Departamento)values(178,'Cantel',14);
Insert into ADM_Municipio(Municipio,Nombre,Departamento)values(179,'ElPalmar',14);
Insert into ADM_Municipio(Municipio,Nombre,Departamento)values(180,'LaEsperanza',14);
Insert into ADM_Municipio(Municipio,Nombre,Departamento)values(181,'Salcajá',14);
Insert into ADM_Municipio(Municipio,Nombre,Departamento)values(182,'SanMartínSacatepéquez',14);
Insert into ADM_Municipio(Municipio,Nombre,Departamento)values(183,'Zunil',14);
Insert into ADM_Municipio(Municipio,Nombre,Departamento)values(184,'Champerico',15);
Insert into ADM_Municipio(Municipio,Nombre,Departamento)values(185,'SanAndrésVillaSeca',15);
Insert into ADM_Municipio(Municipio,Nombre,Departamento)values(186,'SantaCruzMuluá',15);
Insert into ADM_Municipio(Municipio,Nombre,Departamento)values(187,'ElAsintal',15);
Insert into ADM_Municipio(Municipio,Nombre,Departamento)values(188,'SanFelipe',15);
Insert into ADM_Municipio(Municipio,Nombre,Departamento)values(189,'NuevoSanCarlos',15);
Insert into ADM_Municipio(Municipio,Nombre,Departamento)values(190,'SanMartínZapotitlán',15);
Insert into ADM_Municipio(Municipio,Nombre,Departamento)values(191,'Retalhuleu',15);
Insert into ADM_Municipio(Municipio,Nombre,Departamento)values(192,'SanSebastián',15);
Insert into ADM_Municipio(Municipio,Nombre,Departamento)values(193,'Ayutla',16);
Insert into ADM_Municipio(Municipio,Nombre,Departamento)values(194,'ElQuetzal',16);
Insert into ADM_Municipio(Municipio,Nombre,Departamento)values(195,'Ixchiguán',16);
Insert into ADM_Municipio(Municipio,Nombre,Departamento)values(196,'Ocós',16);
Insert into ADM_Municipio(Municipio,Nombre,Departamento)values(197,'SanCristóbalCucho',16);
Insert into ADM_Municipio(Municipio,Nombre,Departamento)values(198,'SanMiguelIxtahuacán',16);
Insert into ADM_Municipio(Municipio,Nombre,Departamento)values(199,'Sibinal',16);
Insert into ADM_Municipio(Municipio,Nombre,Departamento)values(200,'Tejutla',16);
Insert into ADM_Municipio(Municipio,Nombre,Departamento)values(201,'Catarina',16);
Insert into ADM_Municipio(Municipio,Nombre,Departamento)values(202,'ElRodeo',16);
Insert into ADM_Municipio(Municipio,Nombre,Departamento)values(203,'LaReforma',16);
Insert into ADM_Municipio(Municipio,Nombre,Departamento)values(204,'Pajapita',16);
Insert into ADM_Municipio(Municipio,Nombre,Departamento)values(205,'SanJoséOjetenam',16);
Insert into ADM_Municipio(Municipio,Nombre,Departamento)values(206,'SanPablo',16);
Insert into ADM_Municipio(Municipio,Nombre,Departamento)values(207,'Sipacapa',16);
Insert into ADM_Municipio(Municipio,Nombre,Departamento)values(208,'Comitancillo',16);
Insert into ADM_Municipio(Municipio,Nombre,Departamento)values(209,'ElTumbador',16);
Insert into ADM_Municipio(Municipio,Nombre,Departamento)values(210,'Malacatán',16);
Insert into ADM_Municipio(Municipio,Nombre,Departamento)values(211,'RíoBlanco',16);
Insert into ADM_Municipio(Municipio,Nombre,Departamento)values(212,'SanLorenzo',16);
Insert into ADM_Municipio(Municipio,Nombre,Departamento)values(213,'SanPedroSacatepéquez',16);
Insert into ADM_Municipio(Municipio,Nombre,Departamento)values(214,'Tacaná',16);
Insert into ADM_Municipio(Municipio,Nombre,Departamento)values(215,'ConcepciónTutuapa',16);
Insert into ADM_Municipio(Municipio,Nombre,Departamento)values(216,'EsquipulasPaloGordo',16);
Insert into ADM_Municipio(Municipio,Nombre,Departamento)values(217,'NuevoProgreso',16);
Insert into ADM_Municipio(Municipio,Nombre,Departamento)values(218,'SanAntonioSacatepéquez',16);
Insert into ADM_Municipio(Municipio,Nombre,Departamento)values(219,'SanMarcos',16);
Insert into ADM_Municipio(Municipio,Nombre,Departamento)values(220,'SanRafaelPiedeLaCuesta',16);
Insert into ADM_Municipio(Municipio,Nombre,Departamento)values(221,'Tajumulco',16);
Insert into ADM_Municipio(Municipio,Nombre,Departamento)values(222,'Chicacao',17);
Insert into ADM_Municipio(Municipio,Nombre,Departamento)values(223,'PuebloNuevo',17);
Insert into ADM_Municipio(Municipio,Nombre,Departamento)values(224,'SanBernardino',17);
Insert into ADM_Municipio(Municipio,Nombre,Departamento)values(225,'SanJuanBautista',17);
Insert into ADM_Municipio(Municipio,Nombre,Departamento)values(226,'SantaBárbara',17);
Insert into ADM_Municipio(Municipio,Nombre,Departamento)values(227,'Cuyotenango',17);
Insert into ADM_Municipio(Municipio,Nombre,Departamento)values(228,'RíoBravo',17);
Insert into ADM_Municipio(Municipio,Nombre,Departamento)values(229,'SanFranciscoZapotitlán',17);
Insert into ADM_Municipio(Municipio,Nombre,Departamento)values(230,'SanLorenzo',17);
Insert into ADM_Municipio(Municipio,Nombre,Departamento)values(231,'SantoDomingo',17);
Insert into ADM_Municipio(Municipio,Nombre,Departamento)values(232,'Mazatenango',17);
Insert into ADM_Municipio(Municipio,Nombre,Departamento)values(233,'Samayac',17);
Insert into ADM_Municipio(Municipio,Nombre,Departamento)values(234,'SanGabriel',17);
Insert into ADM_Municipio(Municipio,Nombre,Departamento)values(235,'SanMiguelPanán',17);
Insert into ADM_Municipio(Municipio,Nombre,Departamento)values(236,'SantoTomásLaUnión',17);
Insert into ADM_Municipio(Municipio,Nombre,Departamento)values(237,'Patulul',17);
Insert into ADM_Municipio(Municipio,Nombre,Departamento)values(238,'SanAntonio',17);
Insert into ADM_Municipio(Municipio,Nombre,Departamento)values(239,'SanJoséElÍdolo',17);
Insert into ADM_Municipio(Municipio,Nombre,Departamento)values(240,'SanPabloJocopilas',17);
Insert into ADM_Municipio(Municipio,Nombre,Departamento)values(241,'Zunilito',17);
Insert into ADM_Municipio(Municipio,Nombre,Departamento)values(242,'Concepción',18);
Insert into ADM_Municipio(Municipio,Nombre,Departamento)values(243,'SanAntonioPalopó',18);
Insert into ADM_Municipio(Municipio,Nombre,Departamento)values(244,'SanMarcosLaLaguna',18);
Insert into ADM_Municipio(Municipio,Nombre,Departamento)values(245,'SantaCatarinaPalopó',18);
Insert into ADM_Municipio(Municipio,Nombre,Departamento)values(246,'SantaMaríaVisitación',18);
Insert into ADM_Municipio(Municipio,Nombre,Departamento)values(247,'Nahualá',18);
Insert into ADM_Municipio(Municipio,Nombre,Departamento)values(248,'SanJoséChacayá',18);
Insert into ADM_Municipio(Municipio,Nombre,Departamento)values(249,'SanPabloLaLaguna',18);
Insert into ADM_Municipio(Municipio,Nombre,Departamento)values(250,'SantaClaraLaLaguna',18);
Insert into ADM_Municipio(Municipio,Nombre,Departamento)values(251,'SantiagoAtitlán',18);
Insert into ADM_Municipio(Municipio,Nombre,Departamento)values(252,'Panajachel',18);
Insert into ADM_Municipio(Municipio,Nombre,Departamento)values(253,'SanJuanLaLaguna',18);
Insert into ADM_Municipio(Municipio,Nombre,Departamento)values(254,'SanPedroLaLaguna',18);
Insert into ADM_Municipio(Municipio,Nombre,Departamento)values(255,'SantaCruzLaLaguna',18);
Insert into ADM_Municipio(Municipio,Nombre,Departamento)values(256,'Sololá',18);
Insert into ADM_Municipio(Municipio,Nombre,Departamento)values(257,'SanAndrésSemetabaj',18);
Insert into ADM_Municipio(Municipio,Nombre,Departamento)values(258,'SanLucasTolimán',18);
Insert into ADM_Municipio(Municipio,Nombre,Departamento)values(259,'SantaCatarinaIxtahuacan',18);
Insert into ADM_Municipio(Municipio,Nombre,Departamento)values(260,'SantaLucíaUtatlán',18);
Insert into ADM_Municipio(Municipio,Nombre,Departamento)values(261,'Momostenango',19);
Insert into ADM_Municipio(Municipio,Nombre,Departamento)values(262,'SanFranciscoElAlto',19);
Insert into ADM_Municipio(Municipio,Nombre,Departamento)values(263,'SanAndrésXecul',19);
Insert into ADM_Municipio(Municipio,Nombre,Departamento)values(264,'SantaLucíaLaReforma',19);
Insert into ADM_Municipio(Municipio,Nombre,Departamento)values(265,'SanBartolo',19);
Insert into ADM_Municipio(Municipio,Nombre,Departamento)values(266,'SantaMaríaChiquimula',19);
Insert into ADM_Municipio(Municipio,Nombre,Departamento)values(267,'SanCristóbalTotonicapán',19);
Insert into ADM_Municipio(Municipio,Nombre,Departamento)values(268,'Totonicapán',19);
Insert into ADM_Municipio(Municipio,Nombre,Departamento)values(269,'Aguacatán',20);
Insert into ADM_Municipio(Municipio,Nombre,Departamento)values(270,'Cuilco',20);
Insert into ADM_Municipio(Municipio,Nombre,Departamento)values(271,'LaLibertad',20);
Insert into ADM_Municipio(Municipio,Nombre,Departamento)values(272,'SanGasparIxchil',20);
Insert into ADM_Municipio(Municipio,Nombre,Departamento)values(273,'SanMateoIxtatán',20);
Insert into ADM_Municipio(Municipio,Nombre,Departamento)values(274,'SanRafaelLaIndependencia',20);
Insert into ADM_Municipio(Municipio,Nombre,Departamento)values(275,'SantaAnaHuista',20);
Insert into ADM_Municipio(Municipio,Nombre,Departamento)values(276,'SantiagoChimaltenango',20);
Insert into ADM_Municipio(Municipio,Nombre,Departamento)values(277,'Chiantla',20);
Insert into ADM_Municipio(Municipio,Nombre,Departamento)values(278,'Huehuetenango',20);
Insert into ADM_Municipio(Municipio,Nombre,Departamento)values(279,'Malacatancito',20);
Insert into ADM_Municipio(Municipio,Nombre,Departamento)values(280,'SanIldefonsoIxtahuacán',20);
Insert into ADM_Municipio(Municipio,Nombre,Departamento)values(281,'SanMiguelAcatán',20);
Insert into ADM_Municipio(Municipio,Nombre,Departamento)values(282,'SanRafaelPetzal',20);
Insert into ADM_Municipio(Municipio,Nombre,Departamento)values(283,'SantaBárbara',20);
Insert into ADM_Municipio(Municipio,Nombre,Departamento)values(284,'Tectitán',20);
Insert into ADM_Municipio(Municipio,Nombre,Departamento)values(285,'Colotenango',20);
Insert into ADM_Municipio(Municipio,Nombre,Departamento)values(286,'Jacaltenango',20);
Insert into ADM_Municipio(Municipio,Nombre,Departamento)values(287,'Nentón',20);
Insert into ADM_Municipio(Municipio,Nombre,Departamento)values(288,'SanJuanAtitán',20);
Insert into ADM_Municipio(Municipio,Nombre,Departamento)values(289,'SanPedroNecta',20);
Insert into ADM_Municipio(Municipio,Nombre,Departamento)values(290,'SanSebastiánCoatán',20);
Insert into ADM_Municipio(Municipio,Nombre,Departamento)values(291,'SantaCruzBarillas',20);
Insert into ADM_Municipio(Municipio,Nombre,Departamento)values(292,'TodosSantosCuchumatánes',20);
Insert into ADM_Municipio(Municipio,Nombre,Departamento)values(293,'ConcepciónHuista',20);
Insert into ADM_Municipio(Municipio,Nombre,Departamento)values(294,'LaDemocracia',20);
Insert into ADM_Municipio(Municipio,Nombre,Departamento)values(295,'SanAntonioHuista',20);
Insert into ADM_Municipio(Municipio,Nombre,Departamento)values(296,'SanJuanIxcoy',20);
Insert into ADM_Municipio(Municipio,Nombre,Departamento)values(297,'SanPedroSoloma',20);
Insert into ADM_Municipio(Municipio,Nombre,Departamento)values(298,'SanSebastián',20);
Insert into ADM_Municipio(Municipio,Nombre,Departamento)values(299,'SantaEulalia',20);
Insert into ADM_Municipio(Municipio,Nombre,Departamento)values(300,'UniónCantinil',20);
Insert into ADM_Municipio(Municipio,Nombre,Departamento)values(301,'Canillá',21);
Insert into ADM_Municipio(Municipio,Nombre,Departamento)values(302,'Chichicastenango',21);
Insert into ADM_Municipio(Municipio,Nombre,Departamento)values(303,'Joyabaj',21);
Insert into ADM_Municipio(Municipio,Nombre,Departamento)values(304,'Sacapulas',21);
Insert into ADM_Municipio(Municipio,Nombre,Departamento)values(305,'SanJuanCotzal',21);
Insert into ADM_Municipio(Municipio,Nombre,Departamento)values(306,'Zacualpa',21);
Insert into ADM_Municipio(Municipio,Nombre,Departamento)values(307,'Chajul',21);
Insert into ADM_Municipio(Municipio,Nombre,Departamento)values(308,'Chinique',21);
Insert into ADM_Municipio(Municipio,Nombre,Departamento)values(309,'Nebaj',21);
Insert into ADM_Municipio(Municipio,Nombre,Departamento)values(310,'SanAndrésSajcabajá',21);
Insert into ADM_Municipio(Municipio,Nombre,Departamento)values(311,'SanPedroJocopilas',21);
Insert into ADM_Municipio(Municipio,Nombre,Departamento)values(312,'Chicamán',21);
Insert into ADM_Municipio(Municipio,Nombre,Departamento)values(313,'Cunén',21);
Insert into ADM_Municipio(Municipio,Nombre,Departamento)values(314,'Pachalum',21);
Insert into ADM_Municipio(Municipio,Nombre,Departamento)values(315,'SanAntonioIlotenango',21);
Insert into ADM_Municipio(Municipio,Nombre,Departamento)values(316,'SantaCruzdelQuiché',21);
Insert into ADM_Municipio(Municipio,Nombre,Departamento)values(317,'Chiché',21);
Insert into ADM_Municipio(Municipio,Nombre,Departamento)values(318,'Ixcán',21);
Insert into ADM_Municipio(Municipio,Nombre,Departamento)values(319,'Patzité',21);
Insert into ADM_Municipio(Municipio,Nombre,Departamento)values(320,'SanBartoloméJocotenango',21);
Insert into ADM_Municipio(Municipio,Nombre,Departamento)values(321,'Uspantán',21);
Insert into ADM_Municipio(Municipio,Nombre,Departamento)values(322,'Dolores',22);
Insert into ADM_Municipio(Municipio,Nombre,Departamento)values(323,'MelchordeMencos',22);
Insert into ADM_Municipio(Municipio,Nombre,Departamento)values(324,'SanFrancisco',22);
Insert into ADM_Municipio(Municipio,Nombre,Departamento)values(325,'Sayaxché',22);
Insert into ADM_Municipio(Municipio,Nombre,Departamento)values(326,'Flores',22);
Insert into ADM_Municipio(Municipio,Nombre,Departamento)values(327,'Poptún',22);
Insert into ADM_Municipio(Municipio,Nombre,Departamento)values(328,'SanJosé',22);
Insert into ADM_Municipio(Municipio,Nombre,Departamento)values(329,'LaLibertad',22);
Insert into ADM_Municipio(Municipio,Nombre,Departamento)values(330,'SanAndrés',22);
Insert into ADM_Municipio(Municipio,Nombre,Departamento)values(331,'SanLuis',22);
Insert into ADM_Municipio(Municipio,Nombre,Departamento)values(332,'LasCruces',22);
Insert into ADM_Municipio(Municipio,Nombre,Departamento)values(333,'SanBenito',22);
Insert into ADM_Municipio(Municipio,Nombre,Departamento)values(334,'SantaAna',22);

Insert into ADM_Centro(Centro, nombre, municipio, direccion, zona) values(1,'Centro de Estudios del Mar ' ,12, 'Guatemala',1);
Insert into ADM_Centro(Centro, nombre, municipio, direccion, zona) values(2,'Centro Universitario de Baja Verapaz' ,36, 'Baja Verapaz',1);
Insert into ADM_Centro(Centro, nombre, municipio, direccion, zona) values(3,'Centro Universitario de Chimaltenango' ,119, 'Chimaltenango',1);
Insert into ADM_Centro(Centro, nombre, municipio, direccion, zona) values(4,'Centro Universitario de El Progreso' ,56, 'El Progreso',1);
Insert into ADM_Centro(Centro, nombre, municipio, direccion, zona) values(5,'Centro Universitario de Izabal' ,63, 'Izabal',1);
Insert into ADM_Centro(Centro, nombre, municipio, direccion, zona) values(6,'Centro Universitario de Jutiapa' ,84, 'Jutiapa',1);
Insert into ADM_Centro(Centro, nombre, municipio, direccion, zona) values(7,'Centro Universitario del Norte' ,27, 'Alta Verapaz',1);
Insert into ADM_Centro(Centro, nombre, municipio, direccion, zona) values(8,'Centro Universitario de Nor Occidente' ,278, 'Huehuetenango',1);
Insert into ADM_Centro(Centro, nombre, municipio, direccion, zona) values(9,'Centro Universitario de Occidente' ,175, 'Quetzaltenango',1);
Insert into ADM_Centro(Centro, nombre, municipio, direccion, zona) values(10,'Centro Universitario del Oriente' ,46, 'Chiquimula',1);
Insert into ADM_Centro(Centro, nombre, municipio, direccion, zona) values(11,'Centro Universitario de Petén' ,326, 'Peten',1);
Insert into ADM_Centro(Centro, nombre, municipio, direccion, zona) values(12,'Centro Universitario del Quiché' ,316, 'Quiche',1);
Insert into ADM_Centro(Centro, nombre, municipio, direccion, zona) values(13,'Centro Universitario de Santa Rosa' ,104, 'Santa Rosa',1);
Insert into ADM_Centro(Centro, nombre, municipio, direccion, zona) values(14,'Centro Universitario de San Marcos' ,219, 'San Marcos',1);
Insert into ADM_Centro(Centro, nombre, municipio, direccion, zona) values(15,'Centro Universitario de Sololá' ,256, 'Solola',1);
Insert into ADM_Centro(Centro, nombre, municipio, direccion, zona) values(16,'Centro Universitario de Sur-Occidente' ,191, 'Retalhuleu',1);
Insert into ADM_Centro(Centro, nombre, municipio, direccion, zona) values(17,'Centro Universitario del Sur-Oriente' ,94, 'Jalapa',1);
Insert into ADM_Centro(Centro, nombre, municipio, direccion, zona) values(18,'Centro Universitario de Totonicapán' ,268, 'Totonicapan',1);
Insert into ADM_Centro(Centro, nombre, municipio, direccion, zona) values(19,'Centro Universitario de Zacapa' ,72, 'Zacapa',1);


