-- -----------------------------------------------------
-- Insert Catalogo ADM_TipoUnidadAcademica / 3 registros
-- -----------------------------------------------------
insert into ADM_TipoUnidadAcademica(TipoUnidadAcademica,nombre,descripcion)values(1,'FACULTAD','FACULTAD');
insert into ADM_TipoUnidadAcademica(TipoUnidadAcademica,nombre,descripcion)values(2,'ESCUELA','ESCUELA');
insert into ADM_TipoUnidadAcademica(TipoUnidadAcademica,nombre,descripcion)values(3,'INSTITUTO','INSTITUTO');

-- -----------------------------------------------------
-- Insert Catalogo ADM_Departamento / 22 registros
-- ----------------------------------------------------- 
insert into ADM_Departamento(Departamento,nombre)values(1,'Guatemala');
insert into ADM_Departamento(Departamento,nombre)values(2,'Alta Verapaz');
insert into ADM_Departamento(Departamento,nombre)values(3,'Baja Verapaz');
insert into ADM_Departamento(Departamento,nombre)values(4,'Chiquimula');
insert into ADM_Departamento(Departamento,nombre)values(5,'El Progreso');
insert into ADM_Departamento(Departamento,nombre)values(6,'Izabal');
insert into ADM_Departamento(Departamento,nombre)values(7,'Zacapa');
insert into ADM_Departamento(Departamento,nombre)values(8,'Jutiapa');
insert into ADM_Departamento(Departamento,nombre)values(9,'Jalapa');
insert into ADM_Departamento(Departamento,nombre)values(10,'Santa Rosa');
insert into ADM_Departamento(Departamento,nombre)values(11,'Chimaltenango');
insert into ADM_Departamento(Departamento,nombre)values(12,'Sacatepéquez');
insert into ADM_Departamento(Departamento,nombre)values(13,'Escuintla');
insert into ADM_Departamento(Departamento,nombre)values(14,'Quetzaltenango');
insert into ADM_Departamento(Departamento,nombre)values(15,'Retalhuleu');
insert into ADM_Departamento(Departamento,nombre)values(16,'San Marcos');
insert into ADM_Departamento(Departamento,nombre)values(17,'Suchitepéquez');
insert into ADM_Departamento(Departamento,nombre)values(18,'Sololá');
insert into ADM_Departamento(Departamento,nombre)values(19,'Totonicapán');
insert into ADM_Departamento(Departamento,nombre)values(20,'Huehuetenango');
insert into ADM_Departamento(Departamento,nombre)values(21,'Quiché');
insert into ADM_Departamento(Departamento,nombre)values(22,'Petén');

-- -----------------------------------------------------
-- Insert Catalogo ADM_Municipio / 338 registros
-- -----------------------------------------------------
Insert into ADM_Municipio(Municipio,Nombre,Departamento)values(1,'Amatitlán',1);
Insert into ADM_Municipio(Municipio,Nombre,Departamento)values(2,'Chinautla',1);
Insert into ADM_Municipio(Municipio,Nombre,Departamento)values(3,'Chuarrancho',1);
Insert into ADM_Municipio(Municipio,Nombre,Departamento)values(4,'Ciudad de Guatemala',1);
Insert into ADM_Municipio(Municipio,Nombre,Departamento)values(5,'Fraijanes',1);
Insert into ADM_Municipio(Municipio,Nombre,Departamento)values(6,'Mixco',1);
Insert into ADM_Municipio(Municipio,Nombre,Departamento)values(7,'Palencia',1);
Insert into ADM_Municipio(Municipio,Nombre,Departamento)values(8,'San José del Golfo',1);
Insert into ADM_Municipio(Municipio,Nombre,Departamento)values(9,'San José Pinula',1);
Insert into ADM_Municipio(Municipio,Nombre,Departamento)values(10,'San Juan Sacatepéquez',1);
Insert into ADM_Municipio(Municipio,Nombre,Departamento)values(11,'San Miguel Petapa',1);
Insert into ADM_Municipio(Municipio,Nombre,Departamento)values(12,'San Pedro Ayampuc',1);
Insert into ADM_Municipio(Municipio,Nombre,Departamento)values(13,'San Pedro Sacatepéquez',1);
Insert into ADM_Municipio(Municipio,Nombre,Departamento)values(14,'San Raymundo',1);
Insert into ADM_Municipio(Municipio,Nombre,Departamento)values(15,'Santa Catarina Pinula',1);
Insert into ADM_Municipio(Municipio,Nombre,Departamento)values(16,'Villa Canales',1);
Insert into ADM_Municipio(Municipio,Nombre,Departamento)values(17,'Villa Nueva',1);
Insert into ADM_Municipio(Municipio,Nombre,Departamento)values(18,'Chahal',2);
Insert into ADM_Municipio(Municipio,Nombre,Departamento)values(19,'Chisec',2);
Insert into ADM_Municipio(Municipio,Nombre,Departamento)values(20,'Cobán',2);
Insert into ADM_Municipio(Municipio,Nombre,Departamento)values(21,'Fray Bartolomé de las Casas',2);
Insert into ADM_Municipio(Municipio,Nombre,Departamento)values(22,'Santa Catalina La Tinta',2);
Insert into ADM_Municipio(Municipio,Nombre,Departamento)values(23,'Lanquín',2);
Insert into ADM_Municipio(Municipio,Nombre,Departamento)values(24,'Panzós',2);
Insert into ADM_Municipio(Municipio,Nombre,Departamento)values(25,'Raxruhá',2);
Insert into ADM_Municipio(Municipio,Nombre,Departamento)values(26,'San Cristóbal Verapaz',2);
Insert into ADM_Municipio(Municipio,Nombre,Departamento)values(27,'San Juan Chamelco',2);
Insert into ADM_Municipio(Municipio,Nombre,Departamento)values(28,'San Pedro Carchá',2);
Insert into ADM_Municipio(Municipio,Nombre,Departamento)values(29,'Santa Cruz Verapaz',2);
Insert into ADM_Municipio(Municipio,Nombre,Departamento)values(30,'Santa María Cahabón',2);
Insert into ADM_Municipio(Municipio,Nombre,Departamento)values(31,'Senahú',2);
Insert into ADM_Municipio(Municipio,Nombre,Departamento)values(32,'Tamahú',2);
Insert into ADM_Municipio(Municipio,Nombre,Departamento)values(33,'Tactic',2);
Insert into ADM_Municipio(Municipio,Nombre,Departamento)values(34,'Tucurú',2);
Insert into ADM_Municipio(Municipio,Nombre,Departamento)values(35,'Cubulco',3);
Insert into ADM_Municipio(Municipio,Nombre,Departamento)values(36,'Salamá',3);
Insert into ADM_Municipio(Municipio,Nombre,Departamento)values(37,'Granados',3);
Insert into ADM_Municipio(Municipio,Nombre,Departamento)values(38,'San Jerónimo',3);
Insert into ADM_Municipio(Municipio,Nombre,Departamento)values(39,'Purulhá',3);
Insert into ADM_Municipio(Municipio,Nombre,Departamento)values(40,'San Miguel Chicaj',3);
Insert into ADM_Municipio(Municipio,Nombre,Departamento)values(41,'Rabinal',3);
Insert into ADM_Municipio(Municipio,Nombre,Departamento)values(42,'Santa Cruz el Chol',3);
Insert into ADM_Municipio(Municipio,Nombre,Departamento)values(43,'Camotán',4);
Insert into ADM_Municipio(Municipio,Nombre,Departamento)values(44,'Ipala',4);
Insert into ADM_Municipio(Municipio,Nombre,Departamento)values(45,'San Jacinto',4);
Insert into ADM_Municipio(Municipio,Nombre,Departamento)values(46,'Chiquimula',4);
Insert into ADM_Municipio(Municipio,Nombre,Departamento)values(47,'Jocotán',4);
Insert into ADM_Municipio(Municipio,Nombre,Departamento)values(48,'San José La Arada',4);
Insert into ADM_Municipio(Municipio,Nombre,Departamento)values(49,'Concepción Las Minas',4);
Insert into ADM_Municipio(Municipio,Nombre,Departamento)values(50,'Olopa',4);
Insert into ADM_Municipio(Municipio,Nombre,Departamento)values(51,'San Juan Ermita',4);
Insert into ADM_Municipio(Municipio,Nombre,Departamento)values(52,'Esquipulas',4);
Insert into ADM_Municipio(Municipio,Nombre,Departamento)values(53,'Quezaltepeque',4);
Insert into ADM_Municipio(Municipio,Nombre,Departamento)values(54,'ElJícaro',5);
Insert into ADM_Municipio(Municipio,Nombre,Departamento)values(55,'San Antonio La Paz',5);
Insert into ADM_Municipio(Municipio,Nombre,Departamento)values(56,'Guastatoya',5);
Insert into ADM_Municipio(Municipio,Nombre,Departamento)values(57,'San Cristóbal Acasaguastlán',5);
Insert into ADM_Municipio(Municipio,Nombre,Departamento)values(58,'Morazán',5);
Insert into ADM_Municipio(Municipio,Nombre,Departamento)values(59,'Sanarate',5);
Insert into ADM_Municipio(Municipio,Nombre,Departamento)values(60,'San Agustín Acasaguastlán',5);
Insert into ADM_Municipio(Municipio,Nombre,Departamento)values(61,'Sansare',5);
Insert into ADM_Municipio(Municipio,Nombre,Departamento)values(62,'El Estor',6);
Insert into ADM_Municipio(Municipio,Nombre,Departamento)values(63,'Puerto Barrios',6);
Insert into ADM_Municipio(Municipio,Nombre,Departamento)values(64,'Livingston',6);
Insert into ADM_Municipio(Municipio,Nombre,Departamento)values(65,'Los Amates',6);
Insert into ADM_Municipio(Municipio,Nombre,Departamento)values(66,'Morales',6);
Insert into ADM_Municipio(Municipio,Nombre,Departamento)values(67,'Cabañas',7);
Insert into ADM_Municipio(Municipio,Nombre,Departamento)values(68,'Estanzuela',7);
Insert into ADM_Municipio(Municipio,Nombre,Departamento)values(69,'Gualán',7);
Insert into ADM_Municipio(Municipio,Nombre,Departamento)values(70,'Huité',7);
Insert into ADM_Municipio(Municipio,Nombre,Departamento)values(71,'La Unión',7);
Insert into ADM_Municipio(Municipio,Nombre,Departamento)values(72,'Río Hondo',7);
Insert into ADM_Municipio(Municipio,Nombre,Departamento)values(73,'San Diego',7);
Insert into ADM_Municipio(Municipio,Nombre,Departamento)values(335,'San Jorge',7);
Insert into ADM_Municipio(Municipio,Nombre,Departamento)values(74,'Teculután',7);
Insert into ADM_Municipio(Municipio,Nombre,Departamento)values(75,'Usumatlán',7);
Insert into ADM_Municipio(Municipio,Nombre,Departamento)values(76,'Zacapa',7);
Insert into ADM_Municipio(Municipio,Nombre,Departamento)values(77,'Agua Blanca',8);
Insert into ADM_Municipio(Municipio,Nombre,Departamento)values(78,'Conguaco',8);
Insert into ADM_Municipio(Municipio,Nombre,Departamento)values(79,'Jerez',8);
Insert into ADM_Municipio(Municipio,Nombre,Departamento)values(80,'Quesada',8);
Insert into ADM_Municipio(Municipio,Nombre,Departamento)values(81,'Zapotitlán',8);
Insert into ADM_Municipio(Municipio,Nombre,Departamento)values(82,'Asunción Mita',8);
Insert into ADM_Municipio(Municipio,Nombre,Departamento)values(83,'El Adelanto',8);
Insert into ADM_Municipio(Municipio,Nombre,Departamento)values(84,'Jutiapa',8);
Insert into ADM_Municipio(Municipio,Nombre,Departamento)values(85,'San José Acatempa',8);
Insert into ADM_Municipio(Municipio,Nombre,Departamento)values(86,'Atescatempa',8);
Insert into ADM_Municipio(Municipio,Nombre,Departamento)values(87,'El Progreso',8);
Insert into ADM_Municipio(Municipio,Nombre,Departamento)values(88,'Moyuta',8);
Insert into ADM_Municipio(Municipio,Nombre,Departamento)values(89,'Santa Catarina Mita',8);
Insert into ADM_Municipio(Municipio,Nombre,Departamento)values(90,'Comapa',8);
Insert into ADM_Municipio(Municipio,Nombre,Departamento)values(91,'Jalpatagua',8);
Insert into ADM_Municipio(Municipio,Nombre,Departamento)values(92,'Pasaco',8);
Insert into ADM_Municipio(Municipio,Nombre,Departamento)values(93,'Yupiltepeque',8);
Insert into ADM_Municipio(Municipio,Nombre,Departamento)values(94,'Jalapa',9);
Insert into ADM_Municipio(Municipio,Nombre,Departamento)values(95,'San Luis Jilotepeque',9);
Insert into ADM_Municipio(Municipio,Nombre,Departamento)values(96,'Mataquescuintla',9);
Insert into ADM_Municipio(Municipio,Nombre,Departamento)values(97,'San Manuel Chaparrón',9);
Insert into ADM_Municipio(Municipio,Nombre,Departamento)values(98,'Monjas',9);
Insert into ADM_Municipio(Municipio,Nombre,Departamento)values(99,'San Pedro Pinula',9);
Insert into ADM_Municipio(Municipio,Nombre,Departamento)values(100,'San Carlos Alzatate',9);
Insert into ADM_Municipio(Municipio,Nombre,Departamento)values(101,'Barberena',10);
Insert into ADM_Municipio(Municipio,Nombre,Departamento)values(102,'Guazacapán',10);
Insert into ADM_Municipio(Municipio,Nombre,Departamento)values(103,'San Juan Tecuaco',10);
Insert into ADM_Municipio(Municipio,Nombre,Departamento)values(104,'Santa Rosa de Lima',10);
Insert into ADM_Municipio(Municipio,Nombre,Departamento)values(105,'Casillas',10);
Insert into ADM_Municipio(Municipio,Nombre,Departamento)values(106,'Nueva Santa Rosa',10);
Insert into ADM_Municipio(Municipio,Nombre,Departamento)values(107,'San Rafaél Las Flores',10);
Insert into ADM_Municipio(Municipio,Nombre,Departamento)values(108,'Taxisco',10);
Insert into ADM_Municipio(Municipio,Nombre,Departamento)values(109,'Chiquimulilla',10);
Insert into ADM_Municipio(Municipio,Nombre,Departamento)values(110,'Oratorio',10);
Insert into ADM_Municipio(Municipio,Nombre,Departamento)values(111,'Santa Cruz Naranjo',10);
Insert into ADM_Municipio(Municipio,Nombre,Departamento)values(112,'Cuilapa',10);
Insert into ADM_Municipio(Municipio,Nombre,Departamento)values(113,'Pueblo Nuevo Viñas',10);
Insert into ADM_Municipio(Municipio,Nombre,Departamento)values(114,'Santa María Ixhuatán',10);
Insert into ADM_Municipio(Municipio,Nombre,Departamento)values(115,'Acatenango',11);
Insert into ADM_Municipio(Municipio,Nombre,Departamento)values(116,'Patzicía',11);
Insert into ADM_Municipio(Municipio,Nombre,Departamento)values(117,'San José Poaquil',11);
Insert into ADM_Municipio(Municipio,Nombre,Departamento)values(118,'SantaCruzBalanyá',11);
Insert into ADM_Municipio(Municipio,Nombre,Departamento)values(119,'Chimaltenango',11);
Insert into ADM_Municipio(Municipio,Nombre,Departamento)values(120,'Patzún',11);
Insert into ADM_Municipio(Municipio,Nombre,Departamento)values(121,'San Juan Comalapa',11);
Insert into ADM_Municipio(Municipio,Nombre,Departamento)values(122,'Tecpán',11);
Insert into ADM_Municipio(Municipio,Nombre,Departamento)values(123,'El Tejar',11);
Insert into ADM_Municipio(Municipio,Nombre,Departamento)values(124,'Pochuta',11);
Insert into ADM_Municipio(Municipio,Nombre,Departamento)values(125,'San Martín Jilotepeque',11);
Insert into ADM_Municipio(Municipio,Nombre,Departamento)values(126,'Yepocapa',11);
Insert into ADM_Municipio(Municipio,Nombre,Departamento)values(127,'Parramos',11);
Insert into ADM_Municipio(Municipio,Nombre,Departamento)values(128,'San Andrés Itzapa',11);
Insert into ADM_Municipio(Municipio,Nombre,Departamento)values(129,'Santa Apolonia',11);
Insert into ADM_Municipio(Municipio,Nombre,Departamento)values(130,'Zaragoza',11);
Insert into ADM_Municipio(Municipio,Nombre,Departamento)values(131,'Alotenango',12);
Insert into ADM_Municipio(Municipio,Nombre,Departamento)values(132,'Magdalena Milpas Altas',12);
Insert into ADM_Municipio(Municipio,Nombre,Departamento)values(133,'San Lucas Sacatepéquez',12);
Insert into ADM_Municipio(Municipio,Nombre,Departamento)values(134,'Santa María de Jesús',12);
Insert into ADM_Municipio(Municipio,Nombre,Departamento)values(135,'La Antigua Guatemala',12);
Insert into ADM_Municipio(Municipio,Nombre,Departamento)values(136,'Pastores',12);
Insert into ADM_Municipio(Municipio,Nombre,Departamento)values(137,'San Miguel Dueñas',12);
Insert into ADM_Municipio(Municipio,Nombre,Departamento)values(138,'Santiago Sacatepéquez',12);
Insert into ADM_Municipio(Municipio,Nombre,Departamento)values(139,'Ciudad Vieja',12);
Insert into ADM_Municipio(Municipio,Nombre,Departamento)values(140,'San Antonio Aguas Calientes',12);
Insert into ADM_Municipio(Municipio,Nombre,Departamento)values(141,'Santa Catarina Barahona',12);
Insert into ADM_Municipio(Municipio,Nombre,Departamento)values(142,'Santo Domingo Xenacoj',12);
Insert into ADM_Municipio(Municipio,Nombre,Departamento)values(143,'Jocotenango',12);
Insert into ADM_Municipio(Municipio,Nombre,Departamento)values(144,'San Bartolomé Milpas Altas',12);
Insert into ADM_Municipio(Municipio,Nombre,Departamento)values(145,'Santa Lucía Milpas Altas',12);
Insert into ADM_Municipio(Municipio,Nombre,Departamento)values(146,'Sumpango',12);
Insert into ADM_Municipio(Municipio,Nombre,Departamento)values(147,'Escuintla',13);
Insert into ADM_Municipio(Municipio,Nombre,Departamento)values(148,'La Gomera',13);
Insert into ADM_Municipio(Municipio,Nombre,Departamento)values(149,'San José',13);
Insert into ADM_Municipio(Municipio,Nombre,Departamento)values(150,'Tiquisate',13);
Insert into ADM_Municipio(Municipio,Nombre,Departamento)values(151,'Guanagazapa',13);
Insert into ADM_Municipio(Municipio,Nombre,Departamento)values(152,'Masagua',13);
Insert into ADM_Municipio(Municipio,Nombre,Departamento)values(153,'San Vicente Pacaya',13);
Insert into ADM_Municipio(Municipio,Nombre,Departamento)values(154,'Iztapa',13);
Insert into ADM_Municipio(Municipio,Nombre,Departamento)values(155,'Nueva Concepción',13);
Insert into ADM_Municipio(Municipio,Nombre,Departamento)values(156,'Santa Lucía Cotzumalguapa',13);
Insert into ADM_Municipio(Municipio,Nombre,Departamento)values(157,'La Democracia',13);
Insert into ADM_Municipio(Municipio,Nombre,Departamento)values(158,'Palín',13);
Insert into ADM_Municipio(Municipio,Nombre,Departamento)values(159,'Siquinalá',13);
Insert into ADM_Municipio(Municipio,Nombre,Departamento)values(160,'Almolonga',14);
Insert into ADM_Municipio(Municipio,Nombre,Departamento)values(161,'Coatepeque',14);
Insert into ADM_Municipio(Municipio,Nombre,Departamento)values(162,'Flores Costa Cuca',14);
Insert into ADM_Municipio(Municipio,Nombre,Departamento)values(163,'Olintepeque',14);
Insert into ADM_Municipio(Municipio,Nombre,Departamento)values(164,'San Carlos Sija',14);
Insert into ADM_Municipio(Municipio,Nombre,Departamento)values(165,'San Mateo',14);
Insert into ADM_Municipio(Municipio,Nombre,Departamento)values(166,'Cabricán',14);
Insert into ADM_Municipio(Municipio,Nombre,Departamento)values(167,'Colomba',14);
Insert into ADM_Municipio(Municipio,Nombre,Departamento)values(168,'Génova',14);
Insert into ADM_Municipio(Municipio,Nombre,Departamento)values(169,'Palestinade Los Altos',14);
Insert into ADM_Municipio(Municipio,Nombre,Departamento)values(170,'San Francisco La Unión',14);
Insert into ADM_Municipio(Municipio,Nombre,Departamento)values(171,'San Miguel Sigüilá',14);
Insert into ADM_Municipio(Municipio,Nombre,Departamento)values(172,'Cajolá',14);
Insert into ADM_Municipio(Municipio,Nombre,Departamento)values(173,'Concepción Chiquirichapa',14);
Insert into ADM_Municipio(Municipio,Nombre,Departamento)values(174,'Huitán',14);
Insert into ADM_Municipio(Municipio,Nombre,Departamento)values(175,'Quetzaltenango',14);
Insert into ADM_Municipio(Municipio,Nombre,Departamento)values(176,'San Juan Ostuncalco',14);
Insert into ADM_Municipio(Municipio,Nombre,Departamento)values(177,'Sibilia',14);
Insert into ADM_Municipio(Municipio,Nombre,Departamento)values(178,'Cantel',14);
Insert into ADM_Municipio(Municipio,Nombre,Departamento)values(179,'El Palmar',14);
Insert into ADM_Municipio(Municipio,Nombre,Departamento)values(180,'La Esperanza',14);
Insert into ADM_Municipio(Municipio,Nombre,Departamento)values(181,'Salcajá',14);
Insert into ADM_Municipio(Municipio,Nombre,Departamento)values(182,'San Martín Sacatepéquez',14);
Insert into ADM_Municipio(Municipio,Nombre,Departamento)values(183,'Zunil',14);
Insert into ADM_Municipio(Municipio,Nombre,Departamento)values(184,'Champerico',15);
Insert into ADM_Municipio(Municipio,Nombre,Departamento)values(185,'San Andrés Villa Seca',15);
Insert into ADM_Municipio(Municipio,Nombre,Departamento)values(186,'Santa Cruz Muluá',15);
Insert into ADM_Municipio(Municipio,Nombre,Departamento)values(187,'El Asintal',15);
Insert into ADM_Municipio(Municipio,Nombre,Departamento)values(188,'San Felipe',15);
Insert into ADM_Municipio(Municipio,Nombre,Departamento)values(189,'Nuevo San Carlos',15);
Insert into ADM_Municipio(Municipio,Nombre,Departamento)values(190,'San Martín Zapotitlán',15);
Insert into ADM_Municipio(Municipio,Nombre,Departamento)values(191,'Retalhuleu',15);
Insert into ADM_Municipio(Municipio,Nombre,Departamento)values(192,'San Sebastián',15);
Insert into ADM_Municipio(Municipio,Nombre,Departamento)values(193,'Ayutla',16);
Insert into ADM_Municipio(Municipio,Nombre,Departamento)values(194,'Catarina',16);
Insert into ADM_Municipio(Municipio,Nombre,Departamento)values(195,'Comitancillo',16);
Insert into ADM_Municipio(Municipio,Nombre,Departamento)values(196,'Concepción Tutuapa',16);
Insert into ADM_Municipio(Municipio,Nombre,Departamento)values(197,'El Quetzal',16);
Insert into ADM_Municipio(Municipio,Nombre,Departamento)values(198,'El Tumbador',16);
Insert into ADM_Municipio(Municipio,Nombre,Departamento)values(199,'Esquipulas Palo Gordo',16);
Insert into ADM_Municipio(Municipio,Nombre,Departamento)values(200,'Ixchiguán',16);
Insert into ADM_Municipio(Municipio,Nombre,Departamento)values(336,'La Blanca',16);
Insert into ADM_Municipio(Municipio,Nombre,Departamento)values(201,'La Reforma',16);
Insert into ADM_Municipio(Municipio,Nombre,Departamento)values(202,'Malacatán',16);
Insert into ADM_Municipio(Municipio,Nombre,Departamento)values(203,'Nuevo Progreso',16);
Insert into ADM_Municipio(Municipio,Nombre,Departamento)values(204,'Ocós',16);
Insert into ADM_Municipio(Municipio,Nombre,Departamento)values(205,'Pajapita',16);
Insert into ADM_Municipio(Municipio,Nombre,Departamento)values(206,'Río Blanco',16);
Insert into ADM_Municipio(Municipio,Nombre,Departamento)values(207,'San Antonio Sacatepéquez',16);
Insert into ADM_Municipio(Municipio,Nombre,Departamento)values(208,'San Cristóbal Cucho',16);
Insert into ADM_Municipio(Municipio,Nombre,Departamento)values(209,'San José El Rodeo',16);
Insert into ADM_Municipio(Municipio,Nombre,Departamento)values(210,'San José Ojetenam',16);
Insert into ADM_Municipio(Municipio,Nombre,Departamento)values(211,'San Lorenzo',16);
Insert into ADM_Municipio(Municipio,Nombre,Departamento)values(212,'San Marcos',16);
Insert into ADM_Municipio(Municipio,Nombre,Departamento)values(213,'San Miguel Ixtahuacán',16);
Insert into ADM_Municipio(Municipio,Nombre,Departamento)values(214,'San Pablo',16);
Insert into ADM_Municipio(Municipio,Nombre,Departamento)values(215,'San Pedro Sacatepéquez',16);
Insert into ADM_Municipio(Municipio,Nombre,Departamento)values(216,'San Rafael Pie de La Cuesta',16);
Insert into ADM_Municipio(Municipio,Nombre,Departamento)values(217,'Sibinal',16);
Insert into ADM_Municipio(Municipio,Nombre,Departamento)values(218,'Sipacapa',16);
Insert into ADM_Municipio(Municipio,Nombre,Departamento)values(219,'Tacaná',16);
Insert into ADM_Municipio(Municipio,Nombre,Departamento)values(220,'Tajumulco',16);
Insert into ADM_Municipio(Municipio,Nombre,Departamento)values(221,'Tejutla',16);
Insert into ADM_Municipio(Municipio,Nombre,Departamento)values(222,'Chicacao',17);
Insert into ADM_Municipio(Municipio,Nombre,Departamento)values(223,'Pueblo Nuevo',17);
Insert into ADM_Municipio(Municipio,Nombre,Departamento)values(224,'San Bernardino',17);
Insert into ADM_Municipio(Municipio,Nombre,Departamento)values(225,'San Juan Bautista',17);
Insert into ADM_Municipio(Municipio,Nombre,Departamento)values(226,'Santa Bárbara',17);
Insert into ADM_Municipio(Municipio,Nombre,Departamento)values(227,'Cuyotenango',17);
Insert into ADM_Municipio(Municipio,Nombre,Departamento)values(228,'Río Bravo',17);
Insert into ADM_Municipio(Municipio,Nombre,Departamento)values(229,'San Francisco Zapotitlán',17);
Insert into ADM_Municipio(Municipio,Nombre,Departamento)values(230,'San Lorenzo',17);
Insert into ADM_Municipio(Municipio,Nombre,Departamento)values(231,'Santo Domingo Suchitepéquez',17);
Insert into ADM_Municipio(Municipio,Nombre,Departamento)values(232,'Mazatenango',17);
Insert into ADM_Municipio(Municipio,Nombre,Departamento)values(233,'Samayac',17);
Insert into ADM_Municipio(Municipio,Nombre,Departamento)values(234,'San Gabriel',17);
Insert into ADM_Municipio(Municipio,Nombre,Departamento)values(235,'San Miguel Panán',17);
Insert into ADM_Municipio(Municipio,Nombre,Departamento)values(236,'Santo Tomás La Unión',17);
Insert into ADM_Municipio(Municipio,Nombre,Departamento)values(237,'Patulul',17);
Insert into ADM_Municipio(Municipio,Nombre,Departamento)values(238,'San Antonio Suchitepéquez',17);
Insert into ADM_Municipio(Municipio,Nombre,Departamento)values(239,'San José El Ídolo',17);
Insert into ADM_Municipio(Municipio,Nombre,Departamento)values(240,'San Pablo Jocopilas',17);
Insert into ADM_Municipio(Municipio,Nombre,Departamento)values(241,'Zunilito',17);
Insert into ADM_Municipio(Municipio,Nombre,Departamento)values(337,'San José La Maquina',17);
Insert into ADM_Municipio(Municipio,Nombre,Departamento)values(242,'Concepción',18);
Insert into ADM_Municipio(Municipio,Nombre,Departamento)values(243,'San Antonio Palopó',18);
Insert into ADM_Municipio(Municipio,Nombre,Departamento)values(244,'San Marcos La Laguna',18);
Insert into ADM_Municipio(Municipio,Nombre,Departamento)values(245,'Santa Catarina Palopó',18);
Insert into ADM_Municipio(Municipio,Nombre,Departamento)values(246,'Santa María Visitación',18);
Insert into ADM_Municipio(Municipio,Nombre,Departamento)values(247,'Nahualá',18);
Insert into ADM_Municipio(Municipio,Nombre,Departamento)values(248,'San José Chacayá',18);
Insert into ADM_Municipio(Municipio,Nombre,Departamento)values(249,'San Pablo La Laguna',18);
Insert into ADM_Municipio(Municipio,Nombre,Departamento)values(250,'Santa Clara La Laguna',18);
Insert into ADM_Municipio(Municipio,Nombre,Departamento)values(251,'Santiago Atitlán',18);
Insert into ADM_Municipio(Municipio,Nombre,Departamento)values(252,'Panajachel',18);
Insert into ADM_Municipio(Municipio,Nombre,Departamento)values(253,'San Juan La Laguna',18);
Insert into ADM_Municipio(Municipio,Nombre,Departamento)values(254,'San Pedro La Laguna',18);
Insert into ADM_Municipio(Municipio,Nombre,Departamento)values(255,'Santa Cruz La Laguna',18);
Insert into ADM_Municipio(Municipio,Nombre,Departamento)values(256,'Sololá',18);
Insert into ADM_Municipio(Municipio,Nombre,Departamento)values(257,'San Andrés Semetabaj',18);
Insert into ADM_Municipio(Municipio,Nombre,Departamento)values(258,'San Lucas Tolimán',18);
Insert into ADM_Municipio(Municipio,Nombre,Departamento)values(259,'Santa Catarina Ixtahuacan',18);
Insert into ADM_Municipio(Municipio,Nombre,Departamento)values(260,'Santa Lucía Utatlán',18);
Insert into ADM_Municipio(Municipio,Nombre,Departamento)values(261,'Momostenango',19);
Insert into ADM_Municipio(Municipio,Nombre,Departamento)values(262,'San Francisco El Alto',19);
Insert into ADM_Municipio(Municipio,Nombre,Departamento)values(263,'San Andrés Xecul',19);
Insert into ADM_Municipio(Municipio,Nombre,Departamento)values(264,'Santa Lucía La Reforma',19);
Insert into ADM_Municipio(Municipio,Nombre,Departamento)values(265,'San Bartolo',19);
Insert into ADM_Municipio(Municipio,Nombre,Departamento)values(266,'Santa María Chiquimula',19);
Insert into ADM_Municipio(Municipio,Nombre,Departamento)values(267,'San Cristóbal Totonicapán',19);
Insert into ADM_Municipio(Municipio,Nombre,Departamento)values(268,'Totonicapán',19);
Insert into ADM_Municipio(Municipio,Nombre,Departamento)values(269,'Aguacatán',20);
Insert into ADM_Municipio(Municipio,Nombre,Departamento)values(270,'Cuilco',20);
Insert into ADM_Municipio(Municipio,Nombre,Departamento)values(271,'La Libertad',20);
Insert into ADM_Municipio(Municipio,Nombre,Departamento)values(272,'San Gaspar Ixchil',20);
Insert into ADM_Municipio(Municipio,Nombre,Departamento)values(273,'San Mateo Ixtatán',20);
Insert into ADM_Municipio(Municipio,Nombre,Departamento)values(274,'San Rafael La Independencia',20);
Insert into ADM_Municipio(Municipio,Nombre,Departamento)values(275,'Santa Ana Huista',20);
Insert into ADM_Municipio(Municipio,Nombre,Departamento)values(276,'Santiago Chimaltenango',20);
Insert into ADM_Municipio(Municipio,Nombre,Departamento)values(277,'Chiantla',20);
Insert into ADM_Municipio(Municipio,Nombre,Departamento)values(278,'Huehuetenango',20);
Insert into ADM_Municipio(Municipio,Nombre,Departamento)values(279,'Malacatancito',20);
Insert into ADM_Municipio(Municipio,Nombre,Departamento)values(280,'San Ildefonso Ixtahuacán',20);
Insert into ADM_Municipio(Municipio,Nombre,Departamento)values(281,'San Miguel Acatán',20);
Insert into ADM_Municipio(Municipio,Nombre,Departamento)values(282,'San Rafael Petzal',20);
Insert into ADM_Municipio(Municipio,Nombre,Departamento)values(283,'Santa Bárbara',20);
Insert into ADM_Municipio(Municipio,Nombre,Departamento)values(284,'Tectitán',20);
Insert into ADM_Municipio(Municipio,Nombre,Departamento)values(285,'Colotenango',20);
Insert into ADM_Municipio(Municipio,Nombre,Departamento)values(286,'Jacaltenango',20);
Insert into ADM_Municipio(Municipio,Nombre,Departamento)values(287,'Nentón',20);
Insert into ADM_Municipio(Municipio,Nombre,Departamento)values(288,'San Juan Atitán',20);
Insert into ADM_Municipio(Municipio,Nombre,Departamento)values(289,'San Pedro Necta',20);
Insert into ADM_Municipio(Municipio,Nombre,Departamento)values(290,'San Sebastián Coatán',20);
Insert into ADM_Municipio(Municipio,Nombre,Departamento)values(291,'Santa Cruz Barillas',20);
Insert into ADM_Municipio(Municipio,Nombre,Departamento)values(292,'Todos Santos Cuchumatánes',20);
Insert into ADM_Municipio(Municipio,Nombre,Departamento)values(293,'Concepción Huista',20);
Insert into ADM_Municipio(Municipio,Nombre,Departamento)values(294,'La Democracia',20);
Insert into ADM_Municipio(Municipio,Nombre,Departamento)values(295,'San Antonio Huista',20);
Insert into ADM_Municipio(Municipio,Nombre,Departamento)values(296,'San Juan Ixcoy',20);
Insert into ADM_Municipio(Municipio,Nombre,Departamento)values(297,'San Pedro Soloma',20);
Insert into ADM_Municipio(Municipio,Nombre,Departamento)values(298,'San Sebastián',20);
Insert into ADM_Municipio(Municipio,Nombre,Departamento)values(299,'Santa Eulalia',20);
Insert into ADM_Municipio(Municipio,Nombre,Departamento)values(300,'Unión Cantinil',20);
Insert into ADM_Municipio(Municipio,Nombre,Departamento)values(301,'Canillá',21);
Insert into ADM_Municipio(Municipio,Nombre,Departamento)values(302,'Chichicastenango',21);
Insert into ADM_Municipio(Municipio,Nombre,Departamento)values(303,'Joyabaj',21);
Insert into ADM_Municipio(Municipio,Nombre,Departamento)values(304,'Sacapulas',21);
Insert into ADM_Municipio(Municipio,Nombre,Departamento)values(305,'San Juan Cotzal',21);
Insert into ADM_Municipio(Municipio,Nombre,Departamento)values(306,'Zacualpa',21);
Insert into ADM_Municipio(Municipio,Nombre,Departamento)values(307,'Chajul',21);
Insert into ADM_Municipio(Municipio,Nombre,Departamento)values(308,'Chinique',21);
Insert into ADM_Municipio(Municipio,Nombre,Departamento)values(309,'Nebaj',21);
Insert into ADM_Municipio(Municipio,Nombre,Departamento)values(310,'San Andrés Sajcabajá',21);
Insert into ADM_Municipio(Municipio,Nombre,Departamento)values(311,'San Pedro Jocopilas',21);
Insert into ADM_Municipio(Municipio,Nombre,Departamento)values(312,'Chicamán',21);
Insert into ADM_Municipio(Municipio,Nombre,Departamento)values(313,'Cunén',21);
Insert into ADM_Municipio(Municipio,Nombre,Departamento)values(314,'Pachalum',21);
Insert into ADM_Municipio(Municipio,Nombre,Departamento)values(315,'San Antonio Ilotenango',21);
Insert into ADM_Municipio(Municipio,Nombre,Departamento)values(316,'Santa Cruz del Quiché',21);
Insert into ADM_Municipio(Municipio,Nombre,Departamento)values(317,'Chiché',21);
Insert into ADM_Municipio(Municipio,Nombre,Departamento)values(318,'Ixcán',21);
Insert into ADM_Municipio(Municipio,Nombre,Departamento)values(319,'Patzité',21);
Insert into ADM_Municipio(Municipio,Nombre,Departamento)values(320,'San Bartolomé Jocotenango',21);
Insert into ADM_Municipio(Municipio,Nombre,Departamento)values(321,'Uspantán',21);
Insert into ADM_Municipio(Municipio,Nombre,Departamento)values(322,'Dolores',22);
Insert into ADM_Municipio(Municipio,Nombre,Departamento)values(323,'Melchor de Mencos',22);
Insert into ADM_Municipio(Municipio,Nombre,Departamento)values(324,'San Francisco',22);
Insert into ADM_Municipio(Municipio,Nombre,Departamento)values(325,'Sayaxché',22);
Insert into ADM_Municipio(Municipio,Nombre,Departamento)values(326,'Flores',22);
Insert into ADM_Municipio(Municipio,Nombre,Departamento)values(327,'Poptún',22);
Insert into ADM_Municipio(Municipio,Nombre,Departamento)values(328,'SanJosé',22);
Insert into ADM_Municipio(Municipio,Nombre,Departamento)values(329,'La Libertad',22);
Insert into ADM_Municipio(Municipio,Nombre,Departamento)values(330,'San Andrés',22);
Insert into ADM_Municipio(Municipio,Nombre,Departamento)values(331,'San Luis',22);
Insert into ADM_Municipio(Municipio,Nombre,Departamento)values(332,'Las Cruces',22);
Insert into ADM_Municipio(Municipio,Nombre,Departamento)values(333,'San Benito',22);
Insert into ADM_Municipio(Municipio,Nombre,Departamento)values(334,'Santa Ana',22);
Insert into ADM_Municipio(Municipio,Nombre,Departamento)values(338,'El Chal',22);

-- -----------------------------------------------------
-- Insert Catalogo ADM_Centro / 21 registros
-- -----------------------------------------------------
Insert into ADM_Centro(Centro, nombre, municipio, direccion, zona) values(1,'Ciudad Universitaria', 3, 'Guatemala', 12);
Insert into ADM_Centro(Centro, nombre, municipio, direccion, zona) values(2,'Centro Universitario Metropolitano' ,1, 'Guatemala',11);
Insert into ADM_Centro(Centro, nombre, municipio, direccion, zona) values(3,'Centro Universitario de Chimaltenango' ,119, 'Chimaltenango',1);
Insert into ADM_Centro(Centro, nombre, municipio, direccion, zona) values(4,'Centro Universitario de El Progreso' ,56, 'El Progreso',1);
Insert into ADM_Centro(Centro, nombre, municipio, direccion, zona) values(5,'Centro Universitario de Izabal' ,63, 'Izabal',1);
Insert into ADM_Centro(Centro, nombre, municipio, direccion, zona) values(6,'Centro Universitario de Jutiapa' ,84, 'Jutiapa',1);
Insert into ADM_Centro(Centro, nombre, municipio, direccion, zona) values(7,'Centro Universitario del Norte' ,27, 'Alta Verapaz',1);
Insert into ADM_Centro(Centro, nombre, municipio, direccion, zona) values(8,'Centro Universitario de Nor Occidente' ,278, 'Huehuetenango',1);
Insert into ADM_Centro(Centro, nombre, municipio, direccion, zona) values(9,'Centro Universitario de Occidente' ,175, 'Quetzaltenango',1);
Insert into ADM_Centro(Centro, nombre, municipio, direccion, zona) values(10,'Centro Universitario del Oriente' ,46, 'Chiquimula',1);
Insert into ADM_Centro(Centro, nombre, municipio, direccion, zona) values(11,'Centro Universitario de Peten' ,326, 'Peten',1);
Insert into ADM_Centro(Centro, nombre, municipio, direccion, zona) values(12,'Centro Universitario del Quiche' ,316, 'Quiche',1);
Insert into ADM_Centro(Centro, nombre, municipio, direccion, zona) values(13,'Centro Universitario de Santa Rosa' ,104, 'Santa Rosa',1);
Insert into ADM_Centro(Centro, nombre, municipio, direccion, zona) values(14,'Centro Universitario de San Marcos' ,219, 'San Marcos',1);
Insert into ADM_Centro(Centro, nombre, municipio, direccion, zona) values(15,'Centro Universitario de Solola' ,256, 'Solola',1);
Insert into ADM_Centro(Centro, nombre, municipio, direccion, zona) values(16,'Centro Universitario de Sur-Occidente' ,191, 'Retalhuleu',1);
Insert into ADM_Centro(Centro, nombre, municipio, direccion, zona) values(17,'Centro Universitario del Sur-Oriente' ,94, 'Jalapa',1);
Insert into ADM_Centro(Centro, nombre, municipio, direccion, zona) values(18,'Centro Universitario de Totonicapan' ,268, 'Totonicapan',1);
Insert into ADM_Centro(Centro, nombre, municipio, direccion, zona) values(19,'Centro Universitario de Zacapa' ,72, 'Zacapa',1);
Insert into ADM_Centro(Centro, nombre, municipio, direccion, zona) values(20,'Centro Universitario de Baja Verapaz' ,36, 'Baja Verapaz',1);
Insert into ADM_Centro(Centro, nombre, municipio, direccion, zona) values(21,'Centro de Estudios del Mar ' ,12, 'Guatemala',1);

-- -----------------------------------------------------
-- Insert ADM_UnidadAcademica
-- -----------------------------------------------------
INSERT INTO adm_unidadacademica(unidadacademica, unidadacademicasuperior, nombre, tipo) VALUES (1, NULL, 'Escuela de Historia', 2);

-- -----------------------------------------------------
-- Insert ADM_Centro_UnidadAcademica
-- -----------------------------------------------------
INSERT INTO adm_centro_unidadacademica (centro_unidadacademica, centro, unidadacademica, estado,extensiones) VALUES (1,1,1,1,'update adm_centro_unidadacademica set extenciones = '[{"id":"00","nombre":"Plan Diario","estado":"Activo"},{"id":"01","nombre":"Plan Sabatino","estado":"Activo"}]';');

-- -----------------------------------------------------
-- Insert cur_carrera / escuela de historia
-- -----------------------------------------------------
INSERT INTO cur_carrera(codigo, carrera, nombre, estado, centro_unidadacademica) VALUES (default,1, 'Licenciatura en Historia', 1, 1);
--INSERT INTO cur_carrera(carrera, nombre, estado, centro_unidadacademica) VALUES (2,2, 'Licenciatura en Arqueologia', 1, 1);
--INSERT INTO cur_carrera(carrera, nombre, estado, centro_unidadacademica) VALUES (3,3, 'Licenciatura en Antropologia', 1, 1);
--INSERT INTO cur_carrera(carrera, nombre, estado, centro_unidadacademica) VALUES (4,4, 'Licenciatura para la Enseñanza de la Historia', 1, 1);
--INSERT INTO cur_carrera(carrera, nombre, estado, centro_unidadacademica) VALUES (5,5, 'Profesorado en Enseñanza Media', 1, 1);
--INSERT INTO cur_carrera(carrera, nombre, estado, centro_unidadacademica) VALUES (6,6, 'Tecnico Universitario en Archivos', 1, 1);

-- -----------------------------------------------------
-- Insert catalogo adm_preguntasecreta / 6 registros
-- -----------------------------------------------------
INSERT INTO adm_preguntasecreta(preguntasecreta, descripcion)VALUES (0, 'Escriba: USAC');
INSERT INTO adm_preguntasecreta(preguntasecreta, descripcion)VALUES (1, '¿Tu comida preferida?');
INSERT INTO adm_preguntasecreta(preguntasecreta, descripcion)VALUES (2, '¿Tu equipo deportivo favorito?');
INSERT INTO adm_preguntasecreta(preguntasecreta, descripcion)VALUES (3, '¿Nombre de tu mascota?');
INSERT INTO adm_preguntasecreta(preguntasecreta, descripcion)VALUES (4, '¿Apellido de soltera de tu mama?');
INSERT INTO adm_preguntasecreta(preguntasecreta, descripcion)VALUES (5, '¿Nombre de tu primer escuela/colegio?');

-- -----------------------------------------------------
-- Insert catalogo adm_pais / 7 registros
-- -----------------------------------------------------	
INSERT INTO adm_pais(pais, nombre) VALUES (1, 'Guatemala');
INSERT INTO adm_pais(pais, nombre) VALUES (2, 'El Salvador');
INSERT INTO adm_pais(pais, nombre) VALUES (3, 'México');
INSERT INTO adm_pais(pais, nombre) VALUES (4, 'Honduras');
INSERT INTO adm_pais(pais, nombre) VALUES (5, 'Nicaragua');
INSERT INTO adm_pais(pais, nombre) VALUES (6, 'Costa Rica');
INSERT INTO adm_pais(pais, nombre) VALUES (7, 'Panamá');


-- -----------------------------------------------------
-- Insert catalogo adm_rol / 4 registros
-- -----------------------------------------------------
INSERT INTO adm_rol(rol, nombre, estado) VALUES (0, 'Administrador', 1);
INSERT INTO adm_rol(rol, nombre, estado) VALUES (1, 'Estudiante', 1);
INSERT INTO adm_rol(rol, nombre, estado) VALUES (2, 'Catedratico', 1);
INSERT INTO adm_rol(rol, nombre, estado) VALUES (3, 'Control Academico', 1);

-- -----------------------------------------------------
-- Insert catalogo tipo_catedratico / 4 registros
-- -----------------------------------------------------
INSERT INTO cat_tipocatedratico(tipodocente, descripcion, estado) VALUES (1, 'Titular I', 1);
INSERT INTO cat_tipocatedratico(tipodocente, descripcion, estado) VALUES (2, 'Titular II', 1);
INSERT INTO cat_tipocatedratico(tipodocente, descripcion, estado) VALUES (3, 'Auxiliar I', 1);
INSERT INTO cat_tipocatedratico(tipodocente, descripcion, estado) VALUES (4, 'Auxiliar II', 1);

-- -----------------------------------------------------
-- Insert adm_usuario
-- -----------------------------------------------------
INSERT INTO adm_usuario(usuario, nombre, correo, clave, estado, preguntasecreta, respuestasecreta, fechaultimaautenticacion, intentosautenticacion, foto)
	VALUES (1, 'admin', 'adm@historia.usac.gt', 'zpadmqM=', 1, 0, 'USAC', current_timestamp, 0, '');
INSERT INTO adm_centro_unidadacademica_usuario VALUES(1,1,1);

-- -----------------------------------------------------
-- Insert adm_empleado
-- -----------------------------------------------------
INSERT INTO adm_empleado(empleado, registropersonal, primernombre, segundonombre, primerapellido, segundoapellido, direccion, zona, telefono, estado, usuario, municipio, paisorigen)
	VALUES (1, 1, 'admin', '', 'admin', '', 'ciudad', 0, 22220000, 0, 1, 1, 1);
-- -----------------------------------------------------
-- Insert adm_rol_usuario
-- -----------------------------------------------------
INSERT INTO adm_rol_usuario(rol, usuario)VALUES (0, 1);
	
-- -----------------------------------------------------
-- Insert cur_tipo
-- -----------------------------------------------------
INSERT INTO cur_tipo(nombre, descripcion)VALUES ('Presencial', '');
INSERT INTO cur_tipo(nombre, descripcion)VALUES ('Virtual', '');

-- -----------------------------------------------------
-- Insert cur_tiposeccion
-- -----------------------------------------------------
INSERT INTO CUR_TipoSeccion (Nombre, Descripcion) VALUES ('Diario','');
INSERT INTO CUR_TipoSeccion (Nombre, Descripcion) VALUES ('Sabatino','');

-- -----------------------------------------------------
-- Insert cur_tipoactividad
-- -----------------------------------------------------
INSERT INTO cur_tipoactividad (tipoactividad,nombre,descripcion,estado) VALUES (1,'ZONA','',1);
INSERT INTO cur_tipoactividad (tipoactividad,nombre,descripcion,estado) VALUES (2,'EXAMEN FINAL','Examen final de curso',1);
INSERT INTO cur_tipoactividad (tipoactividad,nombre,descripcion,estado) VALUES (3,'LABORATORIO','',1);
INSERT INTO cur_tipoactividad (tipoactividad,nombre,descripcion,estado) VALUES (4,'TAREA','Cubre tareas, investigaciones y exposiciones',1);
INSERT INTO cur_tipoactividad (tipoactividad,nombre,descripcion,estado) VALUES (5,'HOJA DE TRABAJO','',1);
INSERT INTO cur_tipoactividad (tipoactividad,nombre,descripcion,estado) VALUES (6,'EXAMEN CORTO','Cubre comprobacion de lectura, examen teorico o practico',1);
INSERT INTO cur_tipoactividad (tipoactividad,nombre,descripcion,estado) VALUES (7,'PRACTICA','',1);
INSERT INTO cur_tipoactividad (tipoactividad,nombre,descripcion,estado) VALUES (8,'PROYECTO','',1);
INSERT INTO cur_tipoactividad (tipoactividad,nombre,descripcion,estado) VALUES (9,'INFORME','',1);
INSERT INTO cur_tipoactividad (tipoactividad,nombre,descripcion,estado) VALUES (10,'EXAMEN PARCIAL','',1);
INSERT INTO cur_tipoactividad (tipoactividad,nombre,descripcion,estado) VALUES (11,'PUNTOS EXTRA','Puntos otorgados por el catedratico por actividades fuera del curso',1);

-- -----------------------------------------------------
-- Insert cur_tipociclo
-- -----------------------------------------------------
INSERT INTO cur_tipociclo (tipociclo,nombre,descripcion,duracionmeses,estado) VALUES (1,'Semestre','',6,1);
INSERT INTO cur_tipociclo (tipociclo,nombre,descripcion,duracionmeses,estado) VALUES (2,'Bimestre','',2,1);
INSERT INTO cur_tipociclo (tipociclo,nombre,descripcion,duracionmeses,estado) VALUES (3,'Trimestre','',3,1);
INSERT INTO cur_tipociclo (tipociclo,nombre,descripcion,duracionmeses,estado) VALUES (4,'Cuatrimestre','',4,1);
INSERT INTO cur_tipociclo (tipociclo,nombre,descripcion,duracionmeses,estado) VALUES (5,'Año','',12,1);

-- -----------------------------------------------------
-- Insert cur_ciclo
-- -----------------------------------------------------
INSERT INTO cur_ciclo (ciclo,numerociclo,anio,tipociclo,estado) VALUES (1,1,2016,1,1);
INSERT INTO cur_ciclo (ciclo,numerociclo,anio,tipociclo,estado) VALUES (2,2,2016,1,1);

-- -----------------------------------------------------
-- Insert adm_tipoparametro
-- -----------------------------------------------------
INSERT INTO adm_tipoparametro(tipoparametro, nombre, estado) VALUES (1, 'De aplicación', 1);
INSERT INTO adm_tipoparametro(tipoparametro, nombre, estado) VALUES (2, 'De centro - unidad académica', 1);
INSERT INTO adm_tipoparametro(tipoparametro, nombre, estado) VALUES (3, 'De carrera', 1);

-- -----------------------------------------------------
-- Insert cur_jornada
-- -----------------------------------------------------
INSERT INTO cur_jornada (jornada,nombre,estado) VALUES (1,'Matutina',1);
INSERT INTO cur_jornada (jornada,nombre,estado) VALUES (2,'Vespertina',1);

-- -----------------------------------------------------
-- Insert cur_tipoperiodo
-- -----------------------------------------------------
INSERT INTO cur_tipoperiodo (tipoperiodo,nombre,descripcion,estado) VALUES (1,'Simple','',1);

-- -----------------------------------------------------
-- Insert cur_periodo
-- -----------------------------------------------------
INSERT INTO cur_periodo (periodo,duracionminutos,tipoperiodo) VALUES (1,90,1);

-- -----------------------------------------------------
-- Insert cur_edificio
-- -----------------------------------------------------
INSERT INTO cur_edificio (edificio,nombre,descripcion,estado) VALUES (default,'S1','',1);
INSERT INTO cur_edificio (edificio,nombre,descripcion,estado) VALUES (default,'S2','',1);

-- -----------------------------------------------------
-- Insert adm_centrounidad_edificio
-- -----------------------------------------------------
INSERT INTO adm_centrounidad_edificio (CentroUnidad_Edificio,Centro_UnidadAcademica,Edificio,Jornada,estado) VALUES (default,1,1,2,1);

-- -----------------------------------------------------
-- Insert cur_salon
-- -----------------------------------------------------
INSERT INTO cur_salon (nombre,edificio,nivel,capacidad,estado) VALUES ('301',1,3,80,1);
INSERT INTO cur_salon (nombre,edificio,nivel,capacidad,estado) VALUES ('302',1,3,50,1);
INSERT INTO cur_salon (nombre,edificio,nivel,capacidad,estado) VALUES ('303',1,3,100,1);

-- -----------------------------------------------------
-- Insert cur_dia
-- -----------------------------------------------------
INSERT INTO cur_dia (codigo,nombre) VALUES (1,'Lunes');
INSERT INTO cur_dia (codigo,nombre) VALUES (2,'Martes');
INSERT INTO cur_dia (codigo,nombre) VALUES (3,'Miércoles');
INSERT INTO cur_dia (codigo,nombre) VALUES (4,'Jueves');
INSERT INTO cur_dia (codigo,nombre) VALUES (5,'Viernes');
INSERT INTO cur_dia (codigo,nombre) VALUES (6,'Sábado');
INSERT INTO cur_dia (codigo,nombre) VALUES (7,'Domingo');



-- -----------------------------------------------------
-- Insert adm_modulo
-- -----------------------------------------------------
--DELETE FROM adm_modulo
INSERT INTO adm_modulo (modulo,nombre,descripcion,estado) values (1,'ADM','Administracion',1);
INSERT INTO adm_modulo (modulo,nombre,descripcion,estado) values (2,'CUR','Cursos',1);
INSERT INTO adm_modulo (modulo,nombre,descripcion,estado) values (3,'CAT','Catedraticos',1);
INSERT INTO adm_modulo (modulo,nombre,descripcion,estado) values (4,'EST','Estudiantes',1);

-- -----------------------------------------------------
-- Insert adm_funcion
-- -----------------------------------------------------
--DELETE FROM adm_funcion

/*Reservados para el sistema - no insertar -
--INSERT INTO adm_funcion (funcion,modulo,funcionpadre,nombre,orden,descripcion) VALUES (1,1,null,'Login',1,'Login');
--INSERT INTO adm_funcion (funcion,modulo,funcionpadre,nombre,orden,descripcion) VALUES (2,1,null,'Logout',1,'Logout');
*/

INSERT INTO adm_funcion (funcion,modulo,funcionpadre,nombre,orden,descripcion) VALUES (3,1,null,'Administracion',1,'Gestión Administrativa');
INSERT INTO adm_funcion (funcion,modulo,funcionpadre,nombre,orden,descripcion) VALUES (4,2,null,'Cursos',1,'Gestión de Cursos');
INSERT INTO adm_funcion (funcion,modulo,funcionpadre,nombre,orden,descripcion) VALUES (5,3,null,'Catedraticos',1,'Gestión de Docente');
INSERT INTO adm_funcion (funcion,modulo,funcionpadre,nombre,orden,descripcion) VALUES (6,4,null,'Estudiantes',1,'Gestión de Estudiantes');

INSERT INTO adm_funcion (funcion,modulo,funcionpadre,nombre,orden,descripcion) VALUES (7,1,3,'GestionUsuario',1,'Gestión de usuarios');
INSERT INTO adm_funcion (funcion,modulo,funcionpadre,nombre,orden,descripcion) VALUES (8,1,7,'ConsultarUsuario',1,'Consultar usuario');
INSERT INTO adm_funcion (funcion,modulo,funcionpadre,nombre,orden,descripcion) VALUES (9,1,7,'CrearUsuario',1,'Crear usuario');
INSERT INTO adm_funcion (funcion,modulo,funcionpadre,nombre,orden,descripcion) VALUES (10,1,7,'ModificarUsuario',1,'Modificar usuario');
INSERT INTO adm_funcion (funcion,modulo,funcionpadre,nombre,orden,descripcion) VALUES (11,1,7,'EliminarUsuario',1,'Eliminar usuario');

INSERT INTO adm_funcion (funcion,modulo,funcionpadre,nombre,orden,descripcion) VALUES (12,1,3,'GestionParametro',1,'Gestión de parámetros');
INSERT INTO adm_funcion (funcion,modulo,funcionpadre,nombre,orden,descripcion) VALUES (13,1,12,'ConsultarParametro',1,'Consultar parametro');
INSERT INTO adm_funcion (funcion,modulo,funcionpadre,nombre,orden,descripcion) VALUES (14,1,12,'CrearParametro',1,'Crear parametro');
INSERT INTO adm_funcion (funcion,modulo,funcionpadre,nombre,orden,descripcion) VALUES (15,1,12,'ModificarParametro',1,'Modificar parametro');
INSERT INTO adm_funcion (funcion,modulo,funcionpadre,nombre,orden,descripcion) VALUES (16,1,12,'EliminarParametro',1,'Eliminar parametro');

INSERT INTO adm_funcion (funcion,modulo,funcionpadre,nombre,orden,descripcion) VALUES (17,1,3,'GestionEdificio',1,'Gestión de edificios');
INSERT INTO adm_funcion (funcion,modulo,funcionpadre,nombre,orden,descripcion) VALUES (18,1,17,'ConsultarEdificio',1,'Consultar edificio');
INSERT INTO adm_funcion (funcion,modulo,funcionpadre,nombre,orden,descripcion) VALUES (19,1,17,'CrearEdificio',1,'Crear edificio');
INSERT INTO adm_funcion (funcion,modulo,funcionpadre,nombre,orden,descripcion) VALUES (20,1,17,'ModificarEdificio',1,'Modificar edificio');
INSERT INTO adm_funcion (funcion,modulo,funcionpadre,nombre,orden,descripcion) VALUES (21,1,17,'EliminarEdificio',1,'Eliminar edificio');

INSERT INTO adm_funcion (funcion,modulo,funcionpadre,nombre,orden,descripcion) VALUES (22,2,4,'GestionCurso',1,'Gestión de cursos');
INSERT INTO adm_funcion (funcion,modulo,funcionpadre,nombre,orden,descripcion) VALUES (23,2,22,'ConsultarCurso',1,'Consultar curso');
INSERT INTO adm_funcion (funcion,modulo,funcionpadre,nombre,orden,descripcion) VALUES (24,2,22,'CrearCurso',1,'Crear curso');
INSERT INTO adm_funcion (funcion,modulo,funcionpadre,nombre,orden,descripcion) VALUES (25,2,22,'ModificarCurso',1,'Modificar curso');
INSERT INTO adm_funcion (funcion,modulo,funcionpadre,nombre,orden,descripcion) VALUES (26,2,22,'EliminarCurso',1,'Eliminar curso');

INSERT INTO adm_funcion (funcion,modulo,funcionpadre,nombre,orden,descripcion) VALUES (27,2,22,'GestionSeccion',1,'Gestión de secciones');
INSERT INTO adm_funcion (funcion,modulo,funcionpadre,nombre,orden,descripcion) VALUES (28,2,27,'ConsultarSeccion',1,'Consultar seccion');
INSERT INTO adm_funcion (funcion,modulo,funcionpadre,nombre,orden,descripcion) VALUES (29,2,27,'CrearSeccion',1,'Crear seccion');
INSERT INTO adm_funcion (funcion,modulo,funcionpadre,nombre,orden,descripcion) VALUES (30,2,27,'ModificarSeccion',1,'Modificar seccion');
INSERT INTO adm_funcion (funcion,modulo,funcionpadre,nombre,orden,descripcion) VALUES (31,2,27,'EliminarSeccion',1,'Eliminar seccion');

INSERT INTO adm_funcion (funcion,modulo,funcionpadre,nombre,orden,descripcion) VALUES (32,2,4,'GestionPensum',1,'Gestión de pensum');
INSERT INTO adm_funcion (funcion,modulo,funcionpadre,nombre,orden,descripcion) VALUES (33,2,32,'ConsultarPensum',1,'Consultar pensum');
INSERT INTO adm_funcion (funcion,modulo,funcionpadre,nombre,orden,descripcion) VALUES (34,2,32,'CrearPensum',1,'Crear pensum');
INSERT INTO adm_funcion (funcion,modulo,funcionpadre,nombre,orden,descripcion) VALUES (35,2,32,'ModificarPensum',1,'Modificar pensum');
INSERT INTO adm_funcion (funcion,modulo,funcionpadre,nombre,orden,descripcion) VALUES (36,2,32,'EliminarPensum',1,'Eliminar pensum');

INSERT INTO adm_funcion (funcion,modulo,funcionpadre,nombre,orden,descripcion) VALUES (37,2,32,'GestionCarrera',1,'Gestión de carreras');
INSERT INTO adm_funcion (funcion,modulo,funcionpadre,nombre,orden,descripcion) VALUES (38,2,37,'ConsultarCarrera',1,'Consultar carrera');
INSERT INTO adm_funcion (funcion,modulo,funcionpadre,nombre,orden,descripcion) VALUES (39,2,37,'CrearCarrera',1,'Crear carrera');
INSERT INTO adm_funcion (funcion,modulo,funcionpadre,nombre,orden,descripcion) VALUES (40,2,37,'ModificarCarrera',1,'Modificar carrera');
INSERT INTO adm_funcion (funcion,modulo,funcionpadre,nombre,orden,descripcion) VALUES (41,2,37,'EliminarSeccion',1,'Eliminar carrera');

INSERT INTO adm_funcion (funcion,modulo,funcionpadre,nombre,orden,descripcion) VALUES (42,2,4,'GestionHorario',1,'Gestión de horarios');
INSERT INTO adm_funcion (funcion,modulo,funcionpadre,nombre,orden,descripcion) VALUES (43,2,42,'ConsultarHorario',1,'Consultar horario');
INSERT INTO adm_funcion (funcion,modulo,funcionpadre,nombre,orden,descripcion) VALUES (44,2,38,'CrearHorario',1,'Crear horario');
INSERT INTO adm_funcion (funcion,modulo,funcionpadre,nombre,orden,descripcion) VALUES (45,2,38,'ModificarHorario',1,'Modificar horario');
INSERT INTO adm_funcion (funcion,modulo,funcionpadre,nombre,orden,descripcion) VALUES (46,2,38,'EliminarHorario',1,'Eliminar horario');

INSERT INTO adm_funcion (funcion,modulo,funcionpadre,nombre,orden,descripcion) VALUES (47,2,4,'GestionNota',1,'Gestión de notas');
INSERT INTO adm_funcion (funcion,modulo,funcionpadre,nombre,orden,descripcion) VALUES (48,2,47,'ConsultarNota',1,'Consultar nota');
INSERT INTO adm_funcion (funcion,modulo,funcionpadre,nombre,orden,descripcion) VALUES (49,2,47,'CrearNota',1,'Crear nota');
INSERT INTO adm_funcion (funcion,modulo,funcionpadre,nombre,orden,descripcion) VALUES (50,2,47,'ModificarNota',1,'Modificar nota');
INSERT INTO adm_funcion (funcion,modulo,funcionpadre,nombre,orden,descripcion) VALUES (51,2,47,'EliminarNota',1,'Eliminar nota');

INSERT INTO adm_funcion (funcion,modulo,funcionpadre,nombre,orden,descripcion) VALUES (52,1,17,'GestionAsignacionEdificio',1,'Gestión de asignación de edificios');
INSERT INTO adm_funcion (funcion,modulo,funcionpadre,nombre,orden,descripcion) VALUES (53,1,52,'ConsultarAsignacionEdificio',1,'Consultar asignación de edificio');
INSERT INTO adm_funcion (funcion,modulo,funcionpadre,nombre,orden,descripcion) VALUES (54,1,52,'CrearAsignacionEdificio',1,'Crear asignación de edificio');
INSERT INTO adm_funcion (funcion,modulo,funcionpadre,nombre,orden,descripcion) VALUES (55,1,52,'ModificarAsignacionEdificio',1,'Modificar asignación de edificio');
INSERT INTO adm_funcion (funcion,modulo,funcionpadre,nombre,orden,descripcion) VALUES (56,1,52,'EliminarAsignacionEdificio',1,'Eliminar asignación de edificio');

INSERT INTO adm_funcion (funcion,modulo,funcionpadre,nombre,orden,descripcion) VALUES (57,1,17,'GestionSalon',1,'Gestión de salones');
INSERT INTO adm_funcion (funcion,modulo,funcionpadre,nombre,orden,descripcion) VALUES (58,1,57,'ConsultarSalon',1,'Consultar salón');
INSERT INTO adm_funcion (funcion,modulo,funcionpadre,nombre,orden,descripcion) VALUES (59,1,57,'CrearSalon',1,'Crear salón');
INSERT INTO adm_funcion (funcion,modulo,funcionpadre,nombre,orden,descripcion) VALUES (60,1,57,'ModificarSalon',1,'Modificar salón');
INSERT INTO adm_funcion (funcion,modulo,funcionpadre,nombre,orden,descripcion) VALUES (61,1,57,'EliminarSalon',1,'Eliminar salón');

INSERT INTO adm_funcion (funcion,modulo,funcionpadre,nombre,orden,descripcion) VALUES (62,1,12,'GestionPeriodo',1,'Gestión de periodos');
INSERT INTO adm_funcion (funcion,modulo,funcionpadre,nombre,orden,descripcion) VALUES (63,1,62,'ConsultarPeriodo',1,'Consultar periodo');
INSERT INTO adm_funcion (funcion,modulo,funcionpadre,nombre,orden,descripcion) VALUES (64,1,62,'CrearPeriodo',1,'Crear periodo');
INSERT INTO adm_funcion (funcion,modulo,funcionpadre,nombre,orden,descripcion) VALUES (65,1,62,'ModificarPeriodo',1,'Modificar periodo');
INSERT INTO adm_funcion (funcion,modulo,funcionpadre,nombre,orden,descripcion) VALUES (66,1,62,'EliminarPeriodo',1,'Eliminar periodo');

INSERT INTO adm_funcion (funcion,modulo,funcionpadre,nombre,orden,descripcion) VALUES (67,1,3,'GestionCentroUnidad',1,'Gestión de centros por unidad');
INSERT INTO adm_funcion (funcion,modulo,funcionpadre,nombre,orden,descripcion) VALUES (68,1,67,'ConsultarCentroUnidad',1,'Consultar centro unidad');
INSERT INTO adm_funcion (funcion,modulo,funcionpadre,nombre,orden,descripcion) VALUES (69,1,67,'CrearCentroUnidad',1,'Crear centro unidad');
INSERT INTO adm_funcion (funcion,modulo,funcionpadre,nombre,orden,descripcion) VALUES (70,1,67,'ModificarCentroUnidad',1,'Modificar centro unidad');
INSERT INTO adm_funcion (funcion,modulo,funcionpadre,nombre,orden,descripcion) VALUES (71,1,67,'EliminarCentroUnidad',1,'Eliminar centro unidad');

INSERT INTO adm_funcion (funcion,modulo,funcionpadre,nombre,orden,descripcion) VALUES (72,1,67,'GestionUnidad',1,'Gestión de unidades');
INSERT INTO adm_funcion (funcion,modulo,funcionpadre,nombre,orden,descripcion) VALUES (73,1,72,'ConsultarUnidad',1,'Consultar unidad');
INSERT INTO adm_funcion (funcion,modulo,funcionpadre,nombre,orden,descripcion) VALUES (74,1,72,'CrearUnidad',1,'Crear unidad');
INSERT INTO adm_funcion (funcion,modulo,funcionpadre,nombre,orden,descripcion) VALUES (75,1,72,'ModificarUnidad',1,'Modificar unidad');
INSERT INTO adm_funcion (funcion,modulo,funcionpadre,nombre,orden,descripcion) VALUES (76,1,72,'EliminarUnidad',1,'Eliminar unidad');

INSERT INTO adm_funcion (funcion,modulo,funcionpadre,nombre,orden,descripcion) VALUES (77,1,32,'GestionCursoPensum',1,'Gestión de cursos por pensum');
INSERT INTO adm_funcion (funcion,modulo,funcionpadre,nombre,orden,descripcion) VALUES (78,1,77,'ConsultarCursoPensum',1,'Consultar cursos por pensum');
INSERT INTO adm_funcion (funcion,modulo,funcionpadre,nombre,orden,descripcion) VALUES (79,1,77,'CrearCursoPensum',1,'Crear cursos por pensum');
INSERT INTO adm_funcion (funcion,modulo,funcionpadre,nombre,orden,descripcion) VALUES (80,1,77,'ModificarCursoPensum',1,'Modificar cursos por pensum');
INSERT INTO adm_funcion (funcion,modulo,funcionpadre,nombre,orden,descripcion) VALUES (81,1,77,'EliminarCursoPensum',1,'Eliminar cursos por pensum');

INSERT INTO adm_funcion (funcion,modulo,funcionpadre,nombre,orden,descripcion) VALUES (82,1,42,'GestionCiclo',1,'Gestión de ciclos');
INSERT INTO adm_funcion (funcion,modulo,funcionpadre,nombre,orden,descripcion) VALUES (83,1,82,'ConsultarCiclo',1,'Consultar ciclos');
INSERT INTO adm_funcion (funcion,modulo,funcionpadre,nombre,orden,descripcion) VALUES (84,1,82,'CrearCiclo',1,'Crear ciclos');
INSERT INTO adm_funcion (funcion,modulo,funcionpadre,nombre,orden,descripcion) VALUES (85,1,82,'ModificarCiclo',1,'Modificar ciclos');
INSERT INTO adm_funcion (funcion,modulo,funcionpadre,nombre,orden,descripcion) VALUES (86,1,82,'EliminarCiclo',1,'Eliminar ciclos');

INSERT INTO adm_funcion (funcion,modulo,funcionpadre,nombre,orden,descripcion) VALUES (87,1,3,'GestionArea',1,'Gestión de áreas');
INSERT INTO adm_funcion (funcion,modulo,funcionpadre,nombre,orden,descripcion) VALUES (88,1,87,'ConsultarArea',1,'Consultar área');
INSERT INTO adm_funcion (funcion,modulo,funcionpadre,nombre,orden,descripcion) VALUES (89,1,87,'CrearArea',1,'Crear área');
INSERT INTO adm_funcion (funcion,modulo,funcionpadre,nombre,orden,descripcion) VALUES (90,1,87,'ModificarArea',1,'Modificar área');
INSERT INTO adm_funcion (funcion,modulo,funcionpadre,nombre,orden,descripcion) VALUES (91,1,87,'EliminarArea',1,'Eliminar área');

INSERT INTO adm_funcion (funcion,modulo,funcionpadre,nombre,orden,descripcion) VALUES (92,1,3,'GestionAsignacion',1,'Gestión de asignaciones');
INSERT INTO adm_funcion (funcion,modulo,funcionpadre,nombre,orden,descripcion) VALUES (93,1,92,'ConsultarAsignacion',1,'Consultar asignación');
INSERT INTO adm_funcion (funcion,modulo,funcionpadre,nombre,orden,descripcion) VALUES (94,1,92,'CrearAsignacion',1,'Crear asignación');
INSERT INTO adm_funcion (funcion,modulo,funcionpadre,nombre,orden,descripcion) VALUES (95,1,92,'ModificarAsignacion',1,'Modificar asignación');
INSERT INTO adm_funcion (funcion,modulo,funcionpadre,nombre,orden,descripcion) VALUES (96,1,92,'EliminarAsignacion',1,'Eliminar asignación');

INSERT INTO adm_funcion (funcion,modulo,funcionpadre,nombre,orden,descripcion) VALUES (97,1,3,'GestionDesasignacion',1,'Gestión de desasignaciones');
INSERT INTO adm_funcion (funcion,modulo,funcionpadre,nombre,orden,descripcion) VALUES (98,1,92,'ConsultarDesasignacion',1,'Consultar desasignación');
INSERT INTO adm_funcion (funcion,modulo,funcionpadre,nombre,orden,descripcion) VALUES (99,1,92,'CrearDesasignacion',1,'Crear desasignación');
INSERT INTO adm_funcion (funcion,modulo,funcionpadre,nombre,orden,descripcion) VALUES (100,1,92,'ModificarDesasignacion',1,'Modificar desasignación');
INSERT INTO adm_funcion (funcion,modulo,funcionpadre,nombre,orden,descripcion) VALUES (101,1,92,'EliminarDesasignacion',1,'Eliminar desasignación');

INSERT INTO adm_funcion (funcion,modulo,funcionpadre,nombre,orden,descripcion) VALUES (102,1,3,'GestionReportes',1,'Gestión de reportes');
INSERT INTO adm_funcion (funcion,modulo,funcionpadre,nombre,orden,descripcion) VALUES (103,1,102,'ConsultarReportes',1,'Consultar reportes');
INSERT INTO adm_funcion (funcion,modulo,funcionpadre,nombre,orden,descripcion) VALUES (104,1,102,'CrearReportes',1,'Crear reportes');
INSERT INTO adm_funcion (funcion,modulo,funcionpadre,nombre,orden,descripcion) VALUES (105,1,102,'ModificarReportes',1,'Modificar reportes');
INSERT INTO adm_funcion (funcion,modulo,funcionpadre,nombre,orden,descripcion) VALUES (106,1,102,'EliminarReportes',1,'Eliminar reportes');

INSERT INTO adm_funcion (funcion,modulo,funcionpadre,nombre,orden,descripcion) VALUES (107,1,47,'GestionActividades',1,'Gestión de actividades');
INSERT INTO adm_funcion (funcion,modulo,funcionpadre,nombre,orden,descripcion) VALUES (108,1,107,'ConsultarActividades',1,'Consultar actividades');
INSERT INTO adm_funcion (funcion,modulo,funcionpadre,nombre,orden,descripcion) VALUES (109,1,107,'CrearActividades',1,'Crear actividades');
INSERT INTO adm_funcion (funcion,modulo,funcionpadre,nombre,orden,descripcion) VALUES (110,1,107,'ModificarActividades',1,'Modificar actividades');
INSERT INTO adm_funcion (funcion,modulo,funcionpadre,nombre,orden,descripcion) VALUES (111,1,107,'EliminarActividades',1,'Eliminar actividades');

INSERT INTO adm_funcion (funcion,modulo,funcionpadre,nombre,orden,descripcion) VALUES (112,3,5,'GestionAlumnos',1,'Gestión de alumnos');
INSERT INTO adm_funcion (funcion,modulo,funcionpadre,nombre,orden,descripcion) VALUES (113,3,112,'ConsultarAlumno',1,'Consultar alumno');
INSERT INTO adm_funcion (funcion,modulo,funcionpadre,nombre,orden,descripcion) VALUES (114,3,112,'CrearAlumno',1,'Crear alumno');
INSERT INTO adm_funcion (funcion,modulo,funcionpadre,nombre,orden,descripcion) VALUES (115,3,112,'ModificarAlumno',1,'Modificar alumno');
INSERT INTO adm_funcion (funcion,modulo,funcionpadre,nombre,orden,descripcion) VALUES (116,3,112,'EliminarAlumno',1,'Eliminar alumno');

INSERT INTO adm_funcion (funcion,modulo,funcionpadre,nombre,orden,descripcion) VALUES (117,4,6,'GestionCursoAprobado',1,'Gestión de cursos aprobados');
INSERT INTO adm_funcion (funcion,modulo,funcionpadre,nombre,orden,descripcion) VALUES (118,4,117,'ConsultarCursoAprobado',1,'Consultar curso aprobado');
INSERT INTO adm_funcion (funcion,modulo,funcionpadre,nombre,orden,descripcion) VALUES (119,4,117,'CrearCursoAprobado',1,'Crear curso aprobado');
INSERT INTO adm_funcion (funcion,modulo,funcionpadre,nombre,orden,descripcion) VALUES (120,4,117,'ModificarCursoAprobado',1,'Modificar curso aprobado');
INSERT INTO adm_funcion (funcion,modulo,funcionpadre,nombre,orden,descripcion) VALUES (121,4,117,'EliminarCursoAprobado',1,'Eliminar curso aprobado');

INSERT INTO adm_funcion (funcion,modulo,funcionpadre,nombre,orden,descripcion) VALUES (122,4,6,'GestionAsignacionRetrasada',1,'Gestión de asignación de retrasadas');
INSERT INTO adm_funcion (funcion,modulo,funcionpadre,nombre,orden,descripcion) VALUES (123,4,122,'ConsultarAsignacionRetrasada',1,'Consultar asignación de retrasada');
INSERT INTO adm_funcion (funcion,modulo,funcionpadre,nombre,orden,descripcion) VALUES (124,4,122,'CrearAsignacionRetrasada',1,'Crear asignación de retrasada');
INSERT INTO adm_funcion (funcion,modulo,funcionpadre,nombre,orden,descripcion) VALUES (125,4,122,'ModificarAsignacionRetrasada',1,'Modificar asignación de retrasada');
INSERT INTO adm_funcion (funcion,modulo,funcionpadre,nombre,orden,descripcion) VALUES (126,4,122,'EliminarAsignacionRetrasada',1,'Eliminar asignación de retrasada');

INSERT INTO adm_funcion (funcion,modulo,funcionpadre,nombre,orden,descripcion) VALUES (127,1,67,'GestionExtension',1,'Gestión de extensiones');
INSERT INTO adm_funcion (funcion,modulo,funcionpadre,nombre,orden,descripcion) VALUES (128,1,127,'ConsultarExtension',1,'Consultar extensión');
INSERT INTO adm_funcion (funcion,modulo,funcionpadre,nombre,orden,descripcion) VALUES (129,1,127,'CrearExtension',1,'Crear extensión');
INSERT INTO adm_funcion (funcion,modulo,funcionpadre,nombre,orden,descripcion) VALUES (130,1,127,'ModificarExtension',1,'Modificar extensión');
INSERT INTO adm_funcion (funcion,modulo,funcionpadre,nombre,orden,descripcion) VALUES (131,1,127,'EliminarExtension',1,'Eliminar extensión');

INSERT INTO adm_funcion (funcion,modulo,funcionpadre,nombre,orden,descripcion) VALUES (132,4,6,'GestionAsignacion',1,'Gestión de asignaciones');
INSERT INTO adm_funcion (funcion,modulo,funcionpadre,nombre,orden,descripcion) VALUES (133,4,132,'ConsultarAsignacion',1,'Consultar asignaciones');
INSERT INTO adm_funcion (funcion,modulo,funcionpadre,nombre,orden,descripcion) VALUES (134,4,132,'CrearAsignacion',1,'Crear asignaciones');
INSERT INTO adm_funcion (funcion,modulo,funcionpadre,nombre,orden,descripcion) VALUES (135,4,132,'ModificarAsignacion',1,'Modificar asignaciones');
INSERT INTO adm_funcion (funcion,modulo,funcionpadre,nombre,orden,descripcion) VALUES (136,4,132,'EliminarAsignacion',1,'Eliminar asignaciones');

-- -----------------------------------------------------
-- Insert adm_rol_funcion
-- -----------------------------------------------------
--DELETE FROM adm_rol_funcion
INSERT INTO adm_rol_funcion (rol,funcion) VALUES (0,3);
INSERT INTO adm_rol_funcion (rol,funcion) VALUES (0,4);
INSERT INTO adm_rol_funcion (rol,funcion) VALUES (0,5);
INSERT INTO adm_rol_funcion (rol,funcion) VALUES (2,5)
INSERT INTO adm_rol_funcion (rol,funcion) VALUES (0,6);
INSERT INTO adm_rol_funcion (rol,funcion) VALUES (1,6)
INSERT INTO adm_rol_funcion (rol,funcion) VALUES (0,7);
INSERT INTO adm_rol_funcion (rol,funcion) VALUES (0,8);
INSERT INTO adm_rol_funcion (rol,funcion) VALUES (0,9);
INSERT INTO adm_rol_funcion (rol,funcion) VALUES (0,10);
INSERT INTO adm_rol_funcion (rol,funcion) VALUES (1,10);
INSERT INTO adm_rol_funcion (rol,funcion) VALUES (2,10);
INSERT INTO adm_rol_funcion (rol,funcion) VALUES (0,11);
INSERT INTO adm_rol_funcion (rol,funcion) VALUES (0,12);
INSERT INTO adm_rol_funcion (rol,funcion) VALUES (0,13);
INSERT INTO adm_rol_funcion (rol,funcion) VALUES (0,14);
INSERT INTO adm_rol_funcion (rol,funcion) VALUES (0,15);
INSERT INTO adm_rol_funcion (rol,funcion) VALUES (0,16);
INSERT INTO adm_rol_funcion (rol,funcion) VALUES (0,17);
INSERT INTO adm_rol_funcion (rol,funcion) VALUES (0,18);
INSERT INTO adm_rol_funcion (rol,funcion) VALUES (0,19);
INSERT INTO adm_rol_funcion (rol,funcion) VALUES (0,20);
INSERT INTO adm_rol_funcion (rol,funcion) VALUES (0,21);
INSERT INTO adm_rol_funcion (rol,funcion) VALUES (0,22);
INSERT INTO adm_rol_funcion (rol,funcion) VALUES (0,23);
INSERT INTO adm_rol_funcion (rol,funcion) VALUES (0,24);
INSERT INTO adm_rol_funcion (rol,funcion) VALUES (0,25);
INSERT INTO adm_rol_funcion (rol,funcion) VALUES (0,26);
INSERT INTO adm_rol_funcion (rol,funcion) VALUES (0,27);
INSERT INTO adm_rol_funcion (rol,funcion) VALUES (0,28);
INSERT INTO adm_rol_funcion (rol,funcion) VALUES (0,29);
INSERT INTO adm_rol_funcion (rol,funcion) VALUES (0,30);
INSERT INTO adm_rol_funcion (rol,funcion) VALUES (0,31);
INSERT INTO adm_rol_funcion (rol,funcion) VALUES (0,32);
INSERT INTO adm_rol_funcion (rol,funcion) VALUES (0,33);
INSERT INTO adm_rol_funcion (rol,funcion) VALUES (0,34);
INSERT INTO adm_rol_funcion (rol,funcion) VALUES (0,35);
INSERT INTO adm_rol_funcion (rol,funcion) VALUES (0,36);
INSERT INTO adm_rol_funcion (rol,funcion) VALUES (0,37);
INSERT INTO adm_rol_funcion (rol,funcion) VALUES (0,38);
INSERT INTO adm_rol_funcion (rol,funcion) VALUES (0,39);
INSERT INTO adm_rol_funcion (rol,funcion) VALUES (0,40);
INSERT INTO adm_rol_funcion (rol,funcion) VALUES (0,41);
INSERT INTO adm_rol_funcion (rol,funcion) VALUES (0,42);
INSERT INTO adm_rol_funcion (rol,funcion) VALUES (0,43);
INSERT INTO adm_rol_funcion (rol,funcion) VALUES (0,44);
INSERT INTO adm_rol_funcion (rol,funcion) VALUES (0,45);
INSERT INTO adm_rol_funcion (rol,funcion) VALUES (0,46);
INSERT INTO adm_rol_funcion (rol,funcion) VALUES (0,47);
INSERT INTO adm_rol_funcion (rol,funcion) VALUES (2,47);
INSERT INTO adm_rol_funcion (rol,funcion) VALUES (0,48);
INSERT INTO adm_rol_funcion (rol,funcion) VALUES (2,48);
INSERT INTO adm_rol_funcion (rol,funcion) VALUES (0,49);
INSERT INTO adm_rol_funcion (rol,funcion) VALUES (2,49);
INSERT INTO adm_rol_funcion (rol,funcion) VALUES (0,50);
INSERT INTO adm_rol_funcion (rol,funcion) VALUES (2,50);
INSERT INTO adm_rol_funcion (rol,funcion) VALUES (0,51);
INSERT INTO adm_rol_funcion (rol,funcion) VALUES (2,51);
INSERT INTO adm_rol_funcion (rol,funcion) VALUES (0,52);
INSERT INTO adm_rol_funcion (rol,funcion) VALUES (0,53);
INSERT INTO adm_rol_funcion (rol,funcion) VALUES (0,54);
INSERT INTO adm_rol_funcion (rol,funcion) VALUES (0,55);
INSERT INTO adm_rol_funcion (rol,funcion) VALUES (0,56);
INSERT INTO adm_rol_funcion (rol,funcion) VALUES (0,57);
INSERT INTO adm_rol_funcion (rol,funcion) VALUES (0,58);
INSERT INTO adm_rol_funcion (rol,funcion) VALUES (0,59);
INSERT INTO adm_rol_funcion (rol,funcion) VALUES (0,60);
INSERT INTO adm_rol_funcion (rol,funcion) VALUES (0,61);
INSERT INTO adm_rol_funcion (rol,funcion) VALUES (0,62);
INSERT INTO adm_rol_funcion (rol,funcion) VALUES (0,63);
INSERT INTO adm_rol_funcion (rol,funcion) VALUES (0,64);
INSERT INTO adm_rol_funcion (rol,funcion) VALUES (0,65);
INSERT INTO adm_rol_funcion (rol,funcion) VALUES (0,66);
INSERT INTO adm_rol_funcion (rol,funcion) VALUES (0,67);
INSERT INTO adm_rol_funcion (rol,funcion) VALUES (0,68);
INSERT INTO adm_rol_funcion (rol,funcion) VALUES (0,69);
INSERT INTO adm_rol_funcion (rol,funcion) VALUES (0,70);
INSERT INTO adm_rol_funcion (rol,funcion) VALUES (0,71);
INSERT INTO adm_rol_funcion (rol,funcion) VALUES (0,72);
INSERT INTO adm_rol_funcion (rol,funcion) VALUES (0,73);
INSERT INTO adm_rol_funcion (rol,funcion) VALUES (0,74);
INSERT INTO adm_rol_funcion (rol,funcion) VALUES (0,75);
INSERT INTO adm_rol_funcion (rol,funcion) VALUES (0,76);
INSERT INTO adm_rol_funcion (rol,funcion) VALUES (0,77);
INSERT INTO adm_rol_funcion (rol,funcion) VALUES (0,78);
INSERT INTO adm_rol_funcion (rol,funcion) VALUES (0,79);
INSERT INTO adm_rol_funcion (rol,funcion) VALUES (0,80);
INSERT INTO adm_rol_funcion (rol,funcion) VALUES (0,81);
INSERT INTO adm_rol_funcion (rol,funcion) VALUES (0,82);
INSERT INTO adm_rol_funcion (rol,funcion) VALUES (0,83);
INSERT INTO adm_rol_funcion (rol,funcion) VALUES (0,84);
INSERT INTO adm_rol_funcion (rol,funcion) VALUES (0,85);
INSERT INTO adm_rol_funcion (rol,funcion) VALUES (0,86);
INSERT INTO adm_rol_funcion (rol,funcion) VALUES (0,87);
INSERT INTO adm_rol_funcion (rol,funcion) VALUES (0,88);
INSERT INTO adm_rol_funcion (rol,funcion) VALUES (0,89);
INSERT INTO adm_rol_funcion (rol,funcion) VALUES (0,90);
INSERT INTO adm_rol_funcion (rol,funcion) VALUES (0,91);
INSERT INTO adm_rol_funcion (rol,funcion) VALUES (0,92);
INSERT INTO adm_rol_funcion (rol,funcion) VALUES (0,93);
INSERT INTO adm_rol_funcion (rol,funcion) VALUES (0,94);
INSERT INTO adm_rol_funcion (rol,funcion) VALUES (0,95);
INSERT INTO adm_rol_funcion (rol,funcion) VALUES (0,96);
INSERT INTO adm_rol_funcion (rol,funcion) VALUES (0,97);
INSERT INTO adm_rol_funcion (rol,funcion) VALUES (0,98);
INSERT INTO adm_rol_funcion (rol,funcion) VALUES (0,99);
INSERT INTO adm_rol_funcion (rol,funcion) VALUES (0,100);
INSERT INTO adm_rol_funcion (rol,funcion) VALUES (0,101);
INSERT INTO adm_rol_funcion (rol,funcion) VALUES (0,102);
INSERT INTO adm_rol_funcion (rol,funcion) VALUES (0,103);
INSERT INTO adm_rol_funcion (rol,funcion) VALUES (0,104);
INSERT INTO adm_rol_funcion (rol,funcion) VALUES (0,105);
INSERT INTO adm_rol_funcion (rol,funcion) VALUES (0,106);
INSERT INTO adm_rol_funcion (rol,funcion) VALUES (0,107);
INSERT INTO adm_rol_funcion (rol,funcion) VALUES (0,108);
INSERT INTO adm_rol_funcion (rol,funcion) VALUES (0,109);
INSERT INTO adm_rol_funcion (rol,funcion) VALUES (0,110);
INSERT INTO adm_rol_funcion (rol,funcion) VALUES (0,111);
INSERT INTO adm_rol_funcion (rol,funcion) VALUES (0,127);
INSERT INTO adm_rol_funcion (rol,funcion) VALUES (0,128);
INSERT INTO adm_rol_funcion (rol,funcion) VALUES (0,129);
INSERT INTO adm_rol_funcion (rol,funcion) VALUES (0,130);
INSERT INTO adm_rol_funcion (rol,funcion) VALUES (0,131);

INSERT INTO adm_rol_funcion (rol,funcion) VALUES (2,112);
INSERT INTO adm_rol_funcion (rol,funcion) VALUES (2,113);
INSERT INTO adm_rol_funcion (rol,funcion) VALUES (2,114);
INSERT INTO adm_rol_funcion (rol,funcion) VALUES (2,115);
INSERT INTO adm_rol_funcion (rol,funcion) VALUES (2,116);
INSERT INTO adm_rol_funcion (rol,funcion) VALUES (1,117);
INSERT INTO adm_rol_funcion (rol,funcion) VALUES (1,118);
INSERT INTO adm_rol_funcion (rol,funcion) VALUES (1,119);
INSERT INTO adm_rol_funcion (rol,funcion) VALUES (1,120);
INSERT INTO adm_rol_funcion (rol,funcion) VALUES (1,121);
INSERT INTO adm_rol_funcion (rol,funcion) VALUES (1,122);
INSERT INTO adm_rol_funcion (rol,funcion) VALUES (1,123);
INSERT INTO adm_rol_funcion (rol,funcion) VALUES (1,124);
INSERT INTO adm_rol_funcion (rol,funcion) VALUES (1,125);
INSERT INTO adm_rol_funcion (rol,funcion) VALUES (1,126);


INSERT INTO adm_rol_funcion (rol,funcion) VALUES (3,3);
INSERT INTO adm_rol_funcion (rol,funcion) VALUES (3,4);
INSERT INTO adm_rol_funcion (rol,funcion) VALUES (3,5);
INSERT INTO adm_rol_funcion (rol,funcion) VALUES (3,6);
INSERT INTO adm_rol_funcion (rol,funcion) VALUES (3,7);
INSERT INTO adm_rol_funcion (rol,funcion) VALUES (3,8);
INSERT INTO adm_rol_funcion (rol,funcion) VALUES (3,9);
INSERT INTO adm_rol_funcion (rol,funcion) VALUES (3,10);
INSERT INTO adm_rol_funcion (rol,funcion) VALUES (3,11);
INSERT INTO adm_rol_funcion (rol,funcion) VALUES (3,12);
INSERT INTO adm_rol_funcion (rol,funcion) VALUES (3,13);
INSERT INTO adm_rol_funcion (rol,funcion) VALUES (3,14);
INSERT INTO adm_rol_funcion (rol,funcion) VALUES (3,15);
INSERT INTO adm_rol_funcion (rol,funcion) VALUES (3,16);
INSERT INTO adm_rol_funcion (rol,funcion) VALUES (3,17);
INSERT INTO adm_rol_funcion (rol,funcion) VALUES (3,18);
INSERT INTO adm_rol_funcion (rol,funcion) VALUES (3,19);
INSERT INTO adm_rol_funcion (rol,funcion) VALUES (3,20);
INSERT INTO adm_rol_funcion (rol,funcion) VALUES (3,21);
INSERT INTO adm_rol_funcion (rol,funcion) VALUES (3,22);
INSERT INTO adm_rol_funcion (rol,funcion) VALUES (3,23);
INSERT INTO adm_rol_funcion (rol,funcion) VALUES (3,24);
INSERT INTO adm_rol_funcion (rol,funcion) VALUES (3,25);
INSERT INTO adm_rol_funcion (rol,funcion) VALUES (3,26);
INSERT INTO adm_rol_funcion (rol,funcion) VALUES (3,27);
INSERT INTO adm_rol_funcion (rol,funcion) VALUES (3,28);
INSERT INTO adm_rol_funcion (rol,funcion) VALUES (3,29);
INSERT INTO adm_rol_funcion (rol,funcion) VALUES (3,30);
INSERT INTO adm_rol_funcion (rol,funcion) VALUES (3,31);
INSERT INTO adm_rol_funcion (rol,funcion) VALUES (3,32);
INSERT INTO adm_rol_funcion (rol,funcion) VALUES (3,33);
INSERT INTO adm_rol_funcion (rol,funcion) VALUES (3,34);
INSERT INTO adm_rol_funcion (rol,funcion) VALUES (3,35);
INSERT INTO adm_rol_funcion (rol,funcion) VALUES (3,36);
INSERT INTO adm_rol_funcion (rol,funcion) VALUES (3,37);
INSERT INTO adm_rol_funcion (rol,funcion) VALUES (3,38);
INSERT INTO adm_rol_funcion (rol,funcion) VALUES (3,39);
INSERT INTO adm_rol_funcion (rol,funcion) VALUES (3,40);
INSERT INTO adm_rol_funcion (rol,funcion) VALUES (3,41);
INSERT INTO adm_rol_funcion (rol,funcion) VALUES (3,42);
INSERT INTO adm_rol_funcion (rol,funcion) VALUES (3,43);
INSERT INTO adm_rol_funcion (rol,funcion) VALUES (3,44);
INSERT INTO adm_rol_funcion (rol,funcion) VALUES (3,45);
INSERT INTO adm_rol_funcion (rol,funcion) VALUES (3,46);
INSERT INTO adm_rol_funcion (rol,funcion) VALUES (3,47);
INSERT INTO adm_rol_funcion (rol,funcion) VALUES (3,48);
INSERT INTO adm_rol_funcion (rol,funcion) VALUES (3,49);
INSERT INTO adm_rol_funcion (rol,funcion) VALUES (3,50);
INSERT INTO adm_rol_funcion (rol,funcion) VALUES (3,51);
INSERT INTO adm_rol_funcion (rol,funcion) VALUES (3,52);
INSERT INTO adm_rol_funcion (rol,funcion) VALUES (3,53);
INSERT INTO adm_rol_funcion (rol,funcion) VALUES (3,54);
INSERT INTO adm_rol_funcion (rol,funcion) VALUES (3,55);
INSERT INTO adm_rol_funcion (rol,funcion) VALUES (3,56);
INSERT INTO adm_rol_funcion (rol,funcion) VALUES (3,57);
INSERT INTO adm_rol_funcion (rol,funcion) VALUES (3,58);
INSERT INTO adm_rol_funcion (rol,funcion) VALUES (3,59);
INSERT INTO adm_rol_funcion (rol,funcion) VALUES (3,60);
INSERT INTO adm_rol_funcion (rol,funcion) VALUES (3,61);
INSERT INTO adm_rol_funcion (rol,funcion) VALUES (3,62);
INSERT INTO adm_rol_funcion (rol,funcion) VALUES (3,63);
INSERT INTO adm_rol_funcion (rol,funcion) VALUES (3,64);
INSERT INTO adm_rol_funcion (rol,funcion) VALUES (3,65);
INSERT INTO adm_rol_funcion (rol,funcion) VALUES (3,66);
INSERT INTO adm_rol_funcion (rol,funcion) VALUES (3,67);
INSERT INTO adm_rol_funcion (rol,funcion) VALUES (3,68);
INSERT INTO adm_rol_funcion (rol,funcion) VALUES (3,69);
INSERT INTO adm_rol_funcion (rol,funcion) VALUES (3,70);
INSERT INTO adm_rol_funcion (rol,funcion) VALUES (3,71);
INSERT INTO adm_rol_funcion (rol,funcion) VALUES (3,72);
INSERT INTO adm_rol_funcion (rol,funcion) VALUES (3,73);
INSERT INTO adm_rol_funcion (rol,funcion) VALUES (3,74);
INSERT INTO adm_rol_funcion (rol,funcion) VALUES (3,75);
INSERT INTO adm_rol_funcion (rol,funcion) VALUES (3,76);
INSERT INTO adm_rol_funcion (rol,funcion) VALUES (3,77);
INSERT INTO adm_rol_funcion (rol,funcion) VALUES (3,78);
INSERT INTO adm_rol_funcion (rol,funcion) VALUES (3,79);
INSERT INTO adm_rol_funcion (rol,funcion) VALUES (3,80);
INSERT INTO adm_rol_funcion (rol,funcion) VALUES (3,81);
INSERT INTO adm_rol_funcion (rol,funcion) VALUES (3,82);
INSERT INTO adm_rol_funcion (rol,funcion) VALUES (3,83);
INSERT INTO adm_rol_funcion (rol,funcion) VALUES (3,84);
INSERT INTO adm_rol_funcion (rol,funcion) VALUES (3,85);
INSERT INTO adm_rol_funcion (rol,funcion) VALUES (3,86);
INSERT INTO adm_rol_funcion (rol,funcion) VALUES (3,87);
INSERT INTO adm_rol_funcion (rol,funcion) VALUES (3,88);
INSERT INTO adm_rol_funcion (rol,funcion) VALUES (3,89);
INSERT INTO adm_rol_funcion (rol,funcion) VALUES (3,90);
INSERT INTO adm_rol_funcion (rol,funcion) VALUES (3,91);
INSERT INTO adm_rol_funcion (rol,funcion) VALUES (3,92);
INSERT INTO adm_rol_funcion (rol,funcion) VALUES (3,93);
INSERT INTO adm_rol_funcion (rol,funcion) VALUES (3,94);
INSERT INTO adm_rol_funcion (rol,funcion) VALUES (3,95);
INSERT INTO adm_rol_funcion (rol,funcion) VALUES (3,96);
INSERT INTO adm_rol_funcion (rol,funcion) VALUES (3,97);
INSERT INTO adm_rol_funcion (rol,funcion) VALUES (3,98);
INSERT INTO adm_rol_funcion (rol,funcion) VALUES (3,99);
INSERT INTO adm_rol_funcion (rol,funcion) VALUES (3,100);
INSERT INTO adm_rol_funcion (rol,funcion) VALUES (3,101);
INSERT INTO adm_rol_funcion (rol,funcion) VALUES (3,102);
INSERT INTO adm_rol_funcion (rol,funcion) VALUES (3,103);
INSERT INTO adm_rol_funcion (rol,funcion) VALUES (3,104);
INSERT INTO adm_rol_funcion (rol,funcion) VALUES (3,105);
INSERT INTO adm_rol_funcion (rol,funcion) VALUES (3,106);
INSERT INTO adm_rol_funcion (rol,funcion) VALUES (3,107);
INSERT INTO adm_rol_funcion (rol,funcion) VALUES (3,108);
INSERT INTO adm_rol_funcion (rol,funcion) VALUES (3,109);
INSERT INTO adm_rol_funcion (rol,funcion) VALUES (3,110);
INSERT INTO adm_rol_funcion (rol,funcion) VALUES (3,111);
INSERT INTO adm_rol_funcion (rol,funcion) VALUES (3,127);
INSERT INTO adm_rol_funcion (rol,funcion) VALUES (3,128);
INSERT INTO adm_rol_funcion (rol,funcion) VALUES (3,129);
INSERT INTO adm_rol_funcion (rol,funcion) VALUES (3,130);
INSERT INTO adm_rol_funcion (rol,funcion) VALUES (3,131);
insert into adm_rol_funcion (rol,funcion) values (1,132);
insert into adm_rol_funcion (rol,funcion) values (1,133);
insert into adm_rol_funcion (rol,funcion) values (1,134);
insert into adm_rol_funcion (rol,funcion) values (1,135);
insert into adm_rol_funcion (rol,funcion) values (1,136);

-- -----------------------------------------------------
-- Insert adm_funcionmenu
-- -----------------------------------------------------
--DELETE FROM adm_funcionmenu
INSERT INTO adm_funcionmenu (funcionmenu,nombre,tipo,url,funcionpadre,funcion,orden,estado) VALUES (1,'Administración',1,null,null,3,1,1);
INSERT INTO adm_funcionmenu (funcionmenu,nombre,tipo,url,funcionpadre,funcion,orden,estado) VALUES (2,'Cursos',1,null,null,4,1,1);
INSERT INTO adm_funcionmenu (funcionmenu,nombre,tipo,url,funcionpadre,funcion,orden,estado) VALUES (3,'Catedráticos',1,null,null,5,1,1);
INSERT INTO adm_funcionmenu (funcionmenu,nombre,tipo,url,funcionpadre,funcion,orden,estado) VALUES (4,'Estudiantes',1,null,null,6,1,1);
INSERT INTO adm_funcionmenu (funcionmenu,nombre,tipo,url,funcionpadre,funcion,orden,estado) VALUES (5,'Gestión de usuarios',2,'general/seleccionarCentroUnidad/gestionUsuario',1,3,1,1);
INSERT INTO adm_funcionmenu (funcionmenu,nombre,tipo,url,funcionpadre,funcion,orden,estado) VALUES (6,'Gestión de parámetros',2,'general/seleccionarCentroUnidad/gestionParametro',1,8,1,1);
INSERT INTO adm_funcionmenu (funcionmenu,nombre,tipo,url,funcionpadre,funcion,orden,estado) VALUES (7,'Gestión de edificios',2,'gestionEdificio/listadoEdificio',1,13,1,1);
INSERT INTO adm_funcionmenu (funcionmenu,nombre,tipo,url,funcionpadre,funcion,orden,estado) VALUES (8,'Gestión de cursos',2,'general/seleccionarCentroUnidad/gestionCurso',2,18,1,1);
INSERT INTO adm_funcionmenu (funcionmenu,nombre,tipo,url,funcionpadre,funcion,orden,estado) VALUES (9,'Gestión general de pénsum',2,'gestionPensum/inicio',2,28,1,1);
INSERT INTO adm_funcionmenu (funcionmenu,nombre,tipo,url,funcionpadre,funcion,orden,estado) VALUES (10,'Gestión de carreras',3,'general/seleccionarCentroUnidad/gestionPensum/listadoCarrera',9,33,1,1);
INSERT INTO adm_funcionmenu (funcionmenu,nombre,tipo,url,funcionpadre,funcion,orden,estado) VALUES (11,'Gestión de horarios',3,'general/seleccionarCentroUnidad/gestionHorario/seleccionarCicloCurso',2,38,1,1);
INSERT INTO adm_funcionmenu (funcionmenu,nombre,tipo,url,funcionpadre,funcion,orden,estado) VALUES (12,'Gestión de notas',3,'general/seleccionarCentroUnidad/gestionNotas',2,43,1,1);
--UPDATE adm_funcionmenu set url = 'general/seleccionarCentroUnidad/gestionParametro' where funcionmenu = 6



-- -----------------------------------------------------
-- Insert adm_tipoperiodo
-- -----------------------------------------------------
INSERT INTO adm_tipoperiodo (tipoperiodo,nombre,descripcion,estado) VALUES (1,'Asignación de cursos','',1);
INSERT INTO adm_tipoperiodo (tipoperiodo,nombre,descripcion,estado) VALUES (2,'Ingreso de notas','',1);
INSERT INTO adm_tipoperiodo (tipoperiodo,nombre,descripcion,estado) VALUES (3,'Ingreso de actividades','',1);
INSERT INTO adm_tipoperiodo (tipoperiodo,nombre,descripcion,estado) VALUES (4,'Asignación de primera retrasada','',1);
INSERT INTO adm_tipoperiodo (tipoperiodo,nombre,descripcion,estado) VALUES (5,'Asignación de segunda retrasada','',1);
INSERT INTO adm_tipoperiodo (tipoperiodo,nombre,descripcion,estado) VALUES (6,'Asignación de suficiencias','',1);
INSERT INTO adm_tipoperiodo (tipoperiodo,nombre,descripcion,estado) VALUES (7,'Ingreso de primera retrasada','',1);
INSERT INTO adm_tipoperiodo (tipoperiodo,nombre,descripcion,estado) VALUES (8,'Ingreso de segunda retrasada','',1);

-- -----------------------------------------------------
-- Insert adm_tipoasignacion
-- -----------------------------------------------------
INSERT INTO adm_tipoasignacion (tipoasignacion,nombre,descripcion) VALUES (1,'Junta Directiva','');
INSERT INTO adm_tipoasignacion (tipoasignacion,nombre,descripcion) VALUES (2,'Regular','');
INSERT INTO adm_tipoasignacion (tipoasignacion,nombre,descripcion) VALUES (3,'Extemporánea','');

-- -----------------------------------------------------
-- Insert adm_periodo
-- -----------------------------------------------------
INSERT INTO adm_periodo (periodo,ciclo,fechainicial,fechafinal,tipoperiodo,estado,tipoasignacion,centro_unidadacademica) VALUES (1,2,NULL,NULL,1,1,1,1);
INSERT INTO adm_periodo (periodo,ciclo,fechainicial,fechafinal,tipoperiodo,estado,tipoasignacion,centro_unidadacademica) VALUES (2,2,current_date,'31/12/2015',1,1,2,1);
INSERT INTO adm_periodo (periodo,ciclo,fechainicial,fechafinal,tipoperiodo,estado,tipoasignacion,centro_unidadacademica) VALUES (3,2,current_date,'31/12/2015',2,1,2,1);

-- -----------------------------------------------------
-- Insert cur_tipoprerrequisito
-- -----------------------------------------------------
INSERT INTO CUR_TipoPrerrequisito (tipoprerrequisito,descripcion) values (1,'Curso');
INSERT INTO CUR_TipoPrerrequisito (tipoprerrequisito,descripcion) values (2,'Créditos');


-- -----------------------------------------------------
-- Insert adm_parametro
-- -----------------------------------------------------
INSERT INTO adm_parametro (codigo,nombre,valor,descripcion,centro_unidadacademica,carrera,tipoparametro,estado) values (1,'Número máximo de reintentos de login','5','',NULL,NULL,1,1);
INSERT INTO adm_parametro (codigo,nombre,valor,descripcion,centro_unidadacademica,carrera,tipoparametro,estado) values (2,'Tiempo máximo de sesión activa','60','En minutos',NULL,NULL,1,1);
INSERT INTO adm_parametro (codigo,nombre,valor,descripcion,centro_unidadacademica,carrera,tipoparametro,estado) values (3,'Cantidad máxima de intentos de asignación','5','',NULL,NULL,1,1);
INSERT INTO adm_parametro (codigo,nombre,valor,descripcion,centro_unidadacademica,carrera,tipoparametro,estado) values (100,'Tipo de ciclo','1','En minutos',1,NULL,2,1);
INSERT INTO adm_parametro (codigo,nombre,valor,descripcion,centro_unidadacademica,carrera,tipoparametro,estado) values (200,'Número máximo de cursos traslapados','3','',1,1,3,1);
INSERT INTO adm_parametro (codigo,nombre,valor,descripcion,centro_unidadacademica,carrera,tipoparametro,estado) values (201,'Tiempo máximo de traslape entre 2 cursos','60','En minutos',1,1,3,1);
INSERT INTO adm_parametro (codigo,nombre,valor,descripcion,centro_unidadacademica,carrera,tipoparametro,estado) values (202,'Criterio de tiempo de traslape entre 2 cursos','S','S: Semanal, D: Diario',1,1,3,1);
INSERT INTO adm_parametro (codigo,nombre,valor,descripcion,centro_unidadacademica,carrera,tipoparametro,estado) values (203,'Cantidad máxima de asignaciones por curso','3','',1,1,3,1);
INSERT INTO adm_parametro (codigo,nombre,valor,descripcion,centro_unidadacademica,carrera,tipoparametro,estado) values (204,'Cupo máximo por curso','60','Estudiantes asignados',1,1,3,1);
INSERT INTO adm_parametro (codigo,nombre,valor,descripcion,centro_unidadacademica,carrera,tipoparametro,estado) values (205,'Cantidad máxima de cursos a asignar por ciclo','8','Por estudiante',1,1,3,1);
INSERT INTO adm_parametro (codigo,nombre,valor,descripcion,centro_unidadacademica,carrera,tipoparametro,estado) values (206,'Nota de promocion','61','Sobre 100 puntos',1,1,3,1);
INSERT INTO adm_parametro (codigo,nombre,valor,descripcion,centro_unidadacademica,carrera,tipoparametro,estado) values (207,'Zona','80','Sobre 100 puntos',1,1,3,1);
INSERT INTO adm_parametro (codigo,nombre,valor,descripcion,centro_unidadacademica,carrera,tipoparametro,estado) values (208,'Examen','20','Sobre 100 puntos',1,1,3,1);
INSERT INTO adm_parametro (codigo,nombre,valor,descripcion,centro_unidadacademica,carrera,tipoparametro,estado) values (209,'Zona minima','41','Sobre 100 puntos',1,1,3,1);
INSERT INTO adm_parametro (codigo,nombre,valor,descripcion,centro_unidadacademica,carrera,tipoparametro,estado) values (210,'Nota de aprobacion de examen de suficiencia','80','Sobre 100 puntos',1,1,3,1);

-- -----------------------------------------------------
-- Insert est_estadonota
-- -----------------------------------------------------
INSERT INTO cur_estadonota VALUES (1,'Pendiente','',1);
INSERT INTO cur_estadonota VALUES (2,'Pendiente de aprobacion','',1);
INSERT INTO cur_estadonota VALUES (3,'Aprobada por control academico','',1);
INSERT INTO cur_estadonota VALUES (4,'Reprobada por control academico','',1)

-- -----------------------------------------------------
-- Insert cur_tipoaprobacion
-- -----------------------------------------------------
INSERT INTO cur_tipoaprobacion (tipoaprobacion,nombre,estado,descripcion) VALUES (1,'Asignacion Regular',1,'');
INSERT INTO cur_tipoaprobacion (tipoaprobacion,nombre,estado,descripcion) VALUES (2,'Asignacion Retrasada',1,'');
INSERT INTO cur_tipoaprobacion (tipoaprobacion,nombre,estado,descripcion) VALUES (3,'Curso Suficiencia',1,'');
INSERT INTO cur_tipoaprobacion (tipoaprobacion,nombre,estado,descripcion) VALUES (4,'Curso Equivalencia',1,'');
INSERT INTO cur_tipoaprobacion (tipoaprobacion,nombre,estado,descripcion) VALUES (5,'Aprobado por Junta Directiva',1,'');


-- -----------------------------------------------------
-- Insert est_tipopago
-- -----------------------------------------------------
insert into est_tipopago (nombre,monto,rubro,variante) values ('Primera retrasada Primer Semestre',10,4,1);
insert into est_tipopago (nombre,monto,rubro,variante) values ('Segunda retrasada Primer Semestre',15,5,1);
insert into est_tipopago (nombre,monto,rubro,variante) values ('Primera retrasada Segundo Semestre',10,6,1);
insert into est_tipopago (nombre,monto,rubro,variante) values ('Segunda retrasada Segundo Semestre',15,7,1);


